Ingredient Name,Unit of Measurement,Purchase Unit,Conversion Factor,Cost Per Unit,Category,Description,Minimum Stock Level,Current Stock,Storage Temperature,Is Perishable,Shelf Life Days,Brand,Active,Available
Milk ,liter,bottle,1000,48.0,Dairy,,,,Room Temperature,True,,SARAS ,True,True
Milk Tetra ,liter,bottle,1000,70.29,Dairy,,84.0,,Room Temperature,False,,AMUL ,True,True
Cream ,liter,bottle,1000,212.21,Dairy,,2.5,,Room Temperature,False,,AMUL ,True,True
Butter ,kg,packet,500,257.5,Dairy,,5.0,,Room Temperature,False,,AMUL ,True,True
Mozrella Cheese ,kg,packet,1000,501.0,Dairy,,,,Room Temperature,False,,,True,True
Paneer Jain,kg,packet,1000,360.0,Dairy,,,,Room Temperature,False,,,True,True
Paneer Barmer,kg,packet,1000,200.0,Dairy,,,,Room Temperature,False,,,True,True
Bread ,kg,packet,500,34.0,Bakery,,,,Room Temperature,False,,,True,True
Bread ,kg,packet,900,33.0,Bakery,,,,Room Temperature,False,,SUPER,True,True
Brown Bread ,kg,packet,500,40.0,Bakery,,,,Room Temperature,False,,,True,True
Ice Cream Butter Scotch ,liter,bottle,5000,584.0,Dairy,,,,Room Temperature,False,,VADILAL ,True,True
Ice Cream Vanilla ,liter,bottle,5000,519.0,Rice,,,,Room Temperature,False,,VADILAL ,True,True
Ice Cream Strawberry ,liter,bottle,5000,536.0,Rice,,,,Room Temperature,False,,VADILAL ,True,True
Ice Cream Chocolate ,liter,bottle,5000,744.0,Rice,,,,Room Temperature,False,,VADILAL ,True,True
Ice Cream American,liter,bottle,5000,739.0,Rice,,,,Room Temperature,False,,VADILAL ,True,True
 Ice Cream Family Pack ,packet,packet,700,287.0,Rice,,,,Room Temperature,False,,VADILAL ,True,True
Cheese ,kg,packet,1000,505.0,Dairy,,,,Room Temperature,False,,AMUL ,True,True
Lassi ,liter,bottle,200,17.57,Dairy,,,,Room Temperature,False,,AMUL ,True,True
Butter Milk ,liter,bottle,150,13.8,Dairy,,,,Room Temperature,False,,AMUL ,True,True
Cool ,liter,bottle,180,21.8,Beverages,,,,Room Temperature,False,,AMUL ,True,True
Cheese Slice,packet,packet,200,129.41,Dairy,,,,Room Temperature,False,,AMUL ,True,True
Egg,piece,individual,50,4.93,Poultry,,,,Room Temperature,False,,,True,True
Chicken ,kg,packet,1000,172.0,Poultry,,,,Room Temperature,False,,,True,True
Fish Fungus ,kg,packet,1000,120.0,Seafood,,,,Room Temperature,False,,,True,True
Fish Basa,kg,packet,1000,252.0,Seafood,,,,Room Temperature,False,,,True,True
Fish Rohu ,kg,packet,1000,160.0,Seafood,,,,Room Temperature,False,,,True,True
Prawns Fish ,kg,packet,1000,1210.0,Seafood,,,,Room Temperature,False,,,True,True
Mutton Fresh ,kg,packet,1000,210.0,Meat,,,,Room Temperature,False,,,True,True
Mutton Curry Cut ,kg,packet,1000,500.0,Meat,,,,Room Temperature,False,,,True,True
Chicken Sauce ,kg,packet,1000,500.0,Poultry,,,,Room Temperature,False,,,True,True
Tuna Fish - In Brine ,liter,can,180,125.0,Seafood,,,,Room Temperature,False,,GOLDEN CROWN ,True,True
Atta Wheat ,kg,packet,30,33.4,Grains,,280.0,,Room Temperature,False,,TAPARIA ,True,True
Maida ,kg,packet,45,35.0,Flour,,18.0,,Room Temperature,False,,TAPARIA ,True,True
Besan ,kg,packet,1000,90.0,Flour,,15.0,,Room Temperature,False,,TAPARIA ,True,True
Besan ,kg,packet,1000,94.5,Flour,,,,Room Temperature,False,,TAPARIA ,True,True
Corn Others,kg,packet,1000,60.0,Vegetables,,2.0,,Room Temperature,False,,,True,True
Atta 00 Piza Flour,kg,packet,1000,135.0,Flour,,,,Room Temperature,False,,,True,True
"Mango,Apple",liter,bottle,1000,86.25,Fruits,,,,Room Temperature,False,,REAL FRUIT JUICE ,True,True
"Pineapple, Mix, Orange",liter,bottle,1000,97.49,Fruits,,,,Room Temperature,False,,REAL FRUIT JUICE ,True,True
Guava ,liter,bottle,1000,90.0,Fruits,,,,Room Temperature,False,,REAL FRUIT JUICE ,True,True
Mix Fruit Juice ,liter,bottle,1200,66.66,Fruits,,,,Room Temperature,False,,,True,True
Mix Fruit Juice ,liter,bottle,600,31.79,Fruits,,,,Room Temperature,False,,PAPER BOAT ,True,True
Juice  125 Ml,liter,bottle,125,8.67,Beverages,,600.0,,Room Temperature,False,,PAPER BOAT ,True,True
Mango Juice ,liter,bottle,125,8.67,Fruits,,,,Room Temperature,False,,MAAZA ,True,True
Cold Drink ,liter,bottle,2500,92.22,Beverages,,,,Room Temperature,False,,COCA COLA ,True,True
Cold Drink ,liter,bottle,1000,75.55,Beverages,,,,Room Temperature,False,,COCA COLA ,True,True
Cold Drink ,liter,bottle,250,18.21,Beverages,,,,Room Temperature,False,,COCA COLA ,True,True
Soda ,liter,bottle,750,15.0,Beverages,,,,Room Temperature,False,,KINLEY ,True,True
Soda ,liter,bottle,300,9.17,Beverages,,,,Room Temperature,False,,PEPSI,True,True
Water Mineral,liter,bottle,1000,9.16,Water,,,,Room Temperature,False,,BISLERI ,True,True
 Water Mineral,liter,bottle,500,6.66,Water,,,,Room Temperature,False,,BISLERI ,True,True
 Water Mineral,liter,bottle,250,5.0,Water,,,,Room Temperature,False,,BISLERI ,True,True
Biscuit Rs 5,packet,packet,1,4.54,Beverages biscuits,,,,Room Temperature,False,,,True,True
Biscuit Rs 10,packet,packet,1,8.6,Beverages biscuits,,,,Room Temperature,False,,,True,True
Namkeen Rs 5,packet,packet,1,3.95,Other,,,,Room Temperature,False,,,True,True
Namkeen Rs 10,packet,packet,1,7.55,Other,,,,Room Temperature,False,,,True,True
Muesli ,packet,packet,1000,602.0,Other,,,,Room Temperature,False,,TATA ,True,True
Lays ,packet,packet,1,9.0,Other,,,,Room Temperature,False,,,True,True
Kurkure ,packet,packet,1,9.0,Other,,,,Room Temperature,False,,,True,True
Namkeen,packet,packet,400,90.0,Other,,,,Room Temperature,False,,,True,True
Biscuit Rs 25 ,packet,packet,1,19.0,Beverages biscuits,,,,Room Temperature,False,,,True,True
Jeera  Drink,liter,bottle,1,8.67,Spices,,,,Room Temperature,False,,,True,True
Muesli ,packet,packet,500,313.0,Other,,8.0,,Room Temperature,False,,BAGRRY'S,True,True
Coca Cola,can,can,300,40.0,Beverages,,,,Room Temperature,False,,COKE,True,True
Red Bull Energy Drink,can,can,1,92.62,Beverages,,,,Room Temperature,False,,,True,True
Tonic Water,can,can,1,46.62,Beverages,,,,Room Temperature,False,,,True,True
Khush Sharbat,liter,bottle,1000,227.0,Beverages,,,,Room Temperature,False,,,True,True
Rose Marry,packet,packet,250,180.0,Stationery,,,,Room Temperature,False,0.0,,True,True
Rose Sharbat,liter,bottle,1000,312.0,Beverages,,,,Room Temperature,False,0.0,,True,True
Thandai,liter,bottle,1000,345.0,Beverages,,,,Room Temperature,False,,,True,True
Kitchen King ,packet,packet,100,63.65,Spices,,14.0,,Room Temperature,False,,TATA ,True,True
Chole Masala ,packet,packet,100,62.31,Spices,,2.0,,Room Temperature,False,,TATA ,True,True
Chat Masala ,packet,packet,100,60.3,Spices,,3.0,,Room Temperature,False,,TATA ,True,True
Meat Masala ,packet,packet,100,65.0,Spices,,2.0,,Room Temperature,False,,TATA ,True,True
Chicken Masala ,packet,packet,100,65.0,Poultry,,5.0,,Room Temperature,False,,TATA ,True,True
Salt ,packet,packet,1,25.0,Dry goods,,,,Room Temperature,False,,TATA ,True,True
Salt ,packet,packet,1,13.7,Dry goods,,14.0,,Room Temperature,False,,NIRMA ,True,True
Salt ,packet,packet,1,6.64,Dry goods,,,,Room Temperature,False,,TAPARIA ,True,True
Salt Sandha,packet,packet,1,34.0,Dry goods,,,,Room Temperature,False,,,True,True
Briyani Masala ,packet,packet,50,61.0,Spices,,1.0,,Room Temperature,False,,CATCH ,True,True
Tea Masala ,packet,packet,50,49.0,Spices,,,,Room Temperature,False,,CATCH ,True,True
Hing ,liter,bottle,100,188.0,Spices,,3.0,,Room Temperature,False,,CATCH ,True,True
Kashmiri Lal Red Chilli Powder ,kg,packet,1000,640.0,Spices,,3.0,,Room Temperature,False,,CATCH ,True,True
Rajma Masala ,packet,packet,100,64.0,Pulses,,1.0,,Room Temperature,False,,CATCH ,True,True
Sambhar Masala ,packet,packet,100,88.0,Spices,,3.0,,Room Temperature,False,,CATCH ,True,True
Pav Bhaji Masala ,packet,packet,100,75.0,Spices,,,,Room Temperature,False,,CATCH ,True,True
White Pepper Masala ,kg,packet,1000,1500.0,Spices,,,,Room Temperature,False,,CATCH ,True,True
Rasam Masala ,packet,packet,100,57.0,Spices,,,,Room Temperature,False,,FLAVARICH ,True,True
Kasturi Methi ,packet,packet,100,44.0,Other,,4.0,,Room Temperature,False,,PUNEET MASALA ,True,True
Pani Puri Masala ,kg,packet,100,67.0,Spices,,,,Room Temperature,False,,AMAZING ,True,True
Jeera  ,kg,packet,1000,241.0,Spices,,3.0,,Room Temperature,False,,,True,True
Salt White Pouch  250,packet,packet,250,50.0,Dry goods,,,,Room Temperature,False,,,True,True
Salt Black Pouch 250 ,packet,packet,250,160.0,Dry goods,,,,Room Temperature,False,,,True,True
Methi Sabut ,kg,packet,1000,94.0,Other,,0.2,,Room Temperature,False,,,True,True
Rai ,kg,packet,1000,75.6,Spices,,0.5,,Room Temperature,False,,,True,True
Amchur ,kg,packet,1000,150.0,Spices,,,,Room Temperature,False,,,True,True
Haldi Powder ,kg,packet,1000,208.0,Spices,,4.0,,Room Temperature,False,,,True,True
Red Chilli Powder ,kg,packet,1000,194.0,Spices,,4.0,,Room Temperature,False,,,True,True
Dhania Powder ,kg,packet,1000,134.0,Spices,,4.0,,Room Temperature,False,,,True,True
Red Chilli Sabut ,kg,packet,1000,169.0,Spices,,0.5,,Room Temperature,False,,,True,True
Dhania Sabut ,kg,packet,1000,93.0,Spices,,0.5,,Room Temperature,False,,,True,True
Black Pepper ,kg,packet,1000,360.0,Spices,,,,Room Temperature,False,,,True,True
Dal Chini ,kg,packet,1000,260.0,Pulses,,,,Room Temperature,False,,,True,True
Elachi Big ,kg,packet,1000,1950.0,Spices,,,,Room Temperature,False,,,True,True
Star Phool ,kg,packet,1000,380.0,Dry goods,,,,Room Temperature,False,,,True,True
Tez Pata ,kg,packet,1000,100.0,Grains,,,,Room Temperature,False,,,True,True
Elachi Hari ,kg,packet,1000,3200.0,Spices,,0.1,,Room Temperature,False,,,True,True
Kalonji,kg,packet,1000,266.77,Other,,,,Room Temperature,False,,,True,True
Long,kg,packet,1000,780.0,Other,,,,Room Temperature,False,,,True,True
Javetri,kg,packet,1000,1872.0,Other,,,,Room Temperature,False,,,True,True
Black Salt ,kg,packet,1000,30.0,Dry goods,,1.0,,Room Temperature,False,,,True,True
Khada Masala ,kg,packet,1000,1256.0,Spices,,0.5,,Room Temperature,False,,,True,True
Aromat Seasoning Powder,packet,packet,500,215.0,Spices,,,,Room Temperature,False,,KNORR,True,True
Bileching Powder,packet,packet,1000,32.06,House keeping,,2.0,,Room Temperature,False,,,True,True
Peri Peri Masala,packet,packet,100,150.0,Spices,,,,Room Temperature,False,,,True,True
Sugar Loose ,kg,packet,1000,43.5,Sugar,,84.0,,Room Temperature,False,,,True,True
Sugar Candy ,kg,packet,1000,54.0,Sugar,,1.0,,Room Temperature,False,,,True,True
Sugar Cube ,kg,packet,500,48.0,Sugar,,,,Room Temperature,False,,DAURALA ,True,True
Sugar Free,packet,packet,75,100.0,Sugar,,,,Room Temperature,False,,,True,True
Staff Rice ,kg,packet,1000,36.0,Rice,,,,Room Temperature,False,,,True,True
Briyani Rice 48 No.,kg,packet,1000,64.5,Rice,,9.0,,Room Temperature,False,,AMEENA ,True,True
Briyani Rice 52 No.,kg,packet,1000,67.74,Rice,,,,Room Temperature,False,,,True,True
Guest Rice ,kg,packet,1000,43.0,Rice,,98.0,,Room Temperature,False,,JEEBA ,True,True
Dosa Kani ,kg,packet,1000,35.0,Other,,,,Room Temperature,False,,JEEBA ,True,True
Dawat Rice ,kg,packet,1000,99.75,Rice,,,,Room Temperature,False,,JASAL A ONE ,True,True
Briyani Rice  ,kg,packet,1000,68.5,Rice,,,,Room Temperature,False,,INDIA GATE ,True,True
Regular Choice Rice ,kg,packet,1000,74.2,Rice,,,,Room Temperature,False,,INDIA GATE ,True,True
Mushroom Button ,liter,can,800,86.45,Vegetables,,13.0,,Room Temperature,False,,FRUTINS,True,True
Mushroom Slice ,liter,can,800,58.3,Vegetables,,7.0,,Room Temperature,False,,FRUTINS,True,True
Pineapple Slice ,liter,can,840,85.87,Fruits,,,,Room Temperature,False,,FRUTINS,True,True
Fruit Cocktail ,liter,can,840,85.87,Fruits,,3.0,,Room Temperature,False,,FRUTINS,True,True
Tomato Puree,liter,can,825,47.83,Canned,,,,Room Temperature,False,,FRUTINS,True,True
Red Cheeries ,liter,can,830,107.8,Dairy,,,,Room Temperature,False,,FRUTINS,True,True
Baby Corn,liter,can,400,47.11,Vegetables,,,,Room Temperature,False,,FRUTINS,True,True
Coconut Milk ,liter,can,400,155.0,Dairy,,,,Room Temperature,False,,FRUTINS,True,True
Bamboo Shoot,liter,can,800,77.0,Other,,,,Room Temperature,False,,FRUTINS,True,True
Sweet Corn Cream Style ,liter,can,440,29.33,Vegetables,,,,Room Temperature,False,,FRUTINS,True,True
Chipo.Papeer In Adoba Sauce2.8,liter,can,2800,2156.0,Condiments,,,,Room Temperature,False,,,True,True
Red Cherries Syrup,liter,can,830,91.65,Syrup,,,,Room Temperature,False,,,True,True
Green Chilli Sauce,liter,bottle,680,45.0,Spices,,,,Room Temperature,False,,CHINGH,True,True
Red Chilli Sauce,liter,bottle,680,45.0,Spices,,,,Room Temperature,False,,CHINGH,True,True
Soya Sauce  ,liter,bottle,750,45.0,Proteins,,,,Room Temperature,False,,CHINGH,True,True
Green Chilli Sauce  ,liter,bottle,4500,235.0,Spices,,0.6,,Room Temperature,False,,EVERPLUS ,True,True
Red Chilli Sauce  ,liter,bottle,4500,235.0,Spices,,0.6,,Room Temperature,False,,EVERPLUS ,True,True
Tomyom Sauce,liter,bottle,1000,470.0,Condiments,,2.0,,Room Temperature,False,,,True,True
Soya Sauce  ,liter,bottle,5000,235.0,Proteins,,0.5,,Room Temperature,False,,EVERPLUS ,True,True
Barbecus Sauce,liter,bottle,510,229.41,Condiments,,,,Room Temperature,False,,,True,True
Worsterd Sauce,liter,bottle,750,51.41,Condiments,,,,Room Temperature,False,,,True,True
Mix Pickle ,liter,bottle,5000,245.0,Condiments,,1.0,,Room Temperature,False,,EVERPLUS ,True,True
Mix Jam ,liter,bottle,4500,350.0,Condiments,,1.0,,Room Temperature,False,,EVERPLUS ,True,True
Tomato Ketchup ,liter,bottle,1200,82.0,Condiments,,,,Room Temperature,False,,DR OETKER ,True,True
Tomato Ketchup ,packet,packet,2000,190.0,Condiments,,,,Room Temperature,False,,KISHAN,True,True
Tomato Ketchup,packet,packet,5000,230.0,Condiments,,,,Room Temperature,False,,,True,True
Tomato Ketchup Poucs,packet,packet,100,65.0,Condiments,,,,Room Temperature,False,,,True,True
Mix Pickle ,liter,bottle,950,114.0,Condiments,,2.0,,Room Temperature,False,,EVEREST ,True,True
Green Chilli Pickle ,liter,bottle,950,170.0,Spices,,2.0,,Room Temperature,False,,EVEREST ,True,True
8 To 8 Sauce ,liter,bottle,200,80.0,Condiments,,,,Room Temperature,False,,GOLDEN CROWN ,True,True
Peri Peri Mayo Viba,packet,packet,1000,185.0,Condiments,,,,Room Temperature,False,,,True,True
Tandoori Mayonise Cream,packet,packet,1000,190.0,Condiments,,,,Room Temperature,False,,,True,True
Mayonise Cream ,packet,packet,1000,100.0,Condiments,,,,Room Temperature,False,,DR OETKER ,True,True
Oyster Sauce ,liter,bottle,510,225.0,Condiments,,,,Room Temperature,False,,LEE KUM KEE ,True,True
Mustard Sauce ,liter,bottle,1000,125.0,Condiments,,,,Room Temperature,False,,GOLDEN CROWN ,True,True
Veg Worcester Shire Sauce ,liter,bottle,200,48.75,Condiments,,,,Room Temperature,False,,,True,True
H P Sauce ,liter,bottle,200,205.0,Condiments,,,,Room Temperature,False,,,True,True
Pickle Mixed Vegetable ,liter,bottle,300,110.0,Condiments,,,,Room Temperature,False,,PRIYA ,True,True
Green Chilli Pickle ,liter,bottle,500,130.0,Spices,,,,Room Temperature,False,,KHTARIJI ,True,True
Mix Fruit Jam ,liter,bottle,1000,105.0,Fruits,,,,Room Temperature,False,,,True,True
Mixed Vegetable Pickle ,liter,bottle,300,93.49,Condiments,,,,Room Temperature,False,,PRIYA ,True,True
Barbecue Sauce,liter,bottle,510,243.0,Condiments,,,,Room Temperature,False,,GOLDEN CROWN,True,True
Nachose Chips,packet,packet,200,79.79,Other,,,,Room Temperature,False,,,True,True
Nimboo Sat,packet,packet,1000,216.52,Dry goods,,,,Room Temperature,False,,,True,True
Oyester Sauce,liter,bottle,750,222.0,Condiments,,,,Room Temperature,False,,,True,True
Piza Pista Sauce,liter,bottle,1000,155.0,Condiments,,,,Room Temperature,False,,,True,True
Pineapple  ,liter,bottle,1000,196.0,Fruits,,1.0,,Room Temperature,False,,,True,True
Banana Crush,liter,bottle,1,201.0,Fruits,,,,Room Temperature,False,,,True,True
Blue Curaco Cursh,liter,bottle,1,276.75,Crush,,,,Room Temperature,False,,,True,True
Guava Crush ,liter,bottle,750,155.79,Fruits,,,,Room Temperature,False,,,True,True
Kivi Crush,liter,bottle,1000,332.0,Fruits,,,,Room Temperature,False,,,True,True
Kokam Crush,liter,bottle,750,193.75,Fruits,,,,Room Temperature,False,,,True,True
Mango Crush,liter,bottle,750,186.0,Fruits,,,,Room Temperature,False,,,True,True
Strawverry Crush,liter,bottle,750,184.5,Fruits,,,,Room Temperature,False,,,True,True
Litchi Crush 1Ltr 240/-,liter,bottle,1000,196.0,Fruits,,,,Room Temperature,False,,,True,True
Refined Oil ,liter,can,1500,1900.0,Oils,,7.0,,Room Temperature,False,,BEST CHOICE ,True,True
Musstard Oil ,liter,bottle,1000,166.0,Oils,,2.0,,Room Temperature,False,,ENGINE ,True,True
Olive Oil  ,liter,bottle,1000,725.0,Oils,,,,Room Temperature,False,,BASSO ,True,True
Green Olive Oil ,liter,bottle,420,200.0,Oils,,,,Room Temperature,False,,FIGARO ,True,True
Black Olive Oil ,liter,bottle,420,200.0,Oils,,,,Room Temperature,False,,FIGARO ,True,True
Salad Oil,liter,bottle,50,122.7,Oils,,,,Room Temperature,False,,,True,True
Gulab Jal ,liter,bottle,500,65.0,Other,,,,Room Temperature,False,,GOLDEN CROWN ,True,True
Gulab Jal ,liter,bottle,1000,90.0,Other,,,,Room Temperature,False,,GOLDEN CROWN ,True,True
Gulab Jal ,liter,bottle,250,45.0,Other,,,,Room Temperature,False,,GOLDEN CROWN ,True,True
Kewra Water ,liter,bottle,500,50.0,Water,,,,Room Temperature,False,,GOLDEN CROWN ,True,True
Vinegar ,liter,bottle,680,35.0,Condiments,,1.0,,Room Temperature,False,,GOLDEN CROWN ,True,True
Kewra Water ,liter,bottle,250,50.0,Water,,,,Room Temperature,False,,DABUR ,True,True
Dal Moong Mogar ,kg,packet,1000,96.0,Pulses,,14.0,,Room Temperature,False,,,True,True
Dal Green Moong Sabut ,kg,packet,1000,89.0,Pulses,,3.0,,Room Temperature,False,,,True,True
Dal White Mutter  ,kg,packet,1000,43.0,Pulses,,3.0,,Room Temperature,False,,,True,True
Dal Channa ,kg,packet,1000,74.0,Pulses,,6.0,,Room Temperature,False,,,True,True
Dal Rajma ,kg,packet,1000,118.0,Pulses,,5.0,,Room Temperature,False,,,True,True
Dal Kala Urd Chilka ,kg,packet,1000,99.0,Pulses,,,,Room Temperature,False,,,True,True
Dal Kala Urd Sabut ,kg,packet,1000,94.0,Pulses,,2.0,,Room Temperature,False,,,True,True
Dal Taur  ,kg,packet,1000,105.0,Pulses,,10.0,,Room Temperature,False,,,True,True
Black Channa ,kg,packet,1000,60.0,Pulses,,7.0,,Room Temperature,False,,,True,True
Dal Lobia ,kg,packet,1000,84.0,Pulses,,3.0,,Room Temperature,False,,,True,True
Kabuli Channa ,kg,packet,1000,102.0,Pulses,,8.0,,Room Temperature,False,,,True,True
Dal Roasted Channa  ,kg,packet,1000,89.0,Pulses,,1.0,,Room Temperature,False,,,True,True
Dal Green Moong Chilka ,kg,packet,1000,89.0,Pulses,,3.0,,Room Temperature,False,,,True,True
Dal Red Masur  ,kg,packet,1000,72.0,Pulses,,3.0,,Room Temperature,False,,,True,True
Dal Black Masur  ,kg,packet,1000,70.0,Pulses,,4.0,,Room Temperature,False,,,True,True
Dal White Urd  ,kg,packet,1000,102.0,Pulses,,7.0,,Room Temperature,False,,,True,True
Curry Powder ,liter,jar,500,495.0,Dairy,,,,Room Temperature,False,,BOLTS ,True,True
Oats ,liter,jar,215,80.0,Grains,,,,Room Temperature,False,,SHANTIS ,True,True
Kismis (Raisins),kg,packet,1000,300.0,Other,,0.5,,Room Temperature,False,,,True,True
Match Box ,piece,individual,1,1.0,Disposal,,,,Room Temperature,False,,,True,True
Pista Cutting,packet,packet,1000,780.0,Nuts,,,,Room Temperature,False,,,True,True
Pista ,kg,packet,1000,790.0,Nuts,,,,Room Temperature,False,,,True,True
Badam (Alomd),kg,packet,1000,780.0,Nuts,,,,Room Temperature,False,,,True,True
"Akhrote
Akhrote",kg,packet,1000,1034.0,Nuts,,,,Room Temperature,False,,,True,True
Eno 185Mrp,liter,bottle,100,170.0,Kitchen,,,,Room Temperature,False,,,True,True
Nutrella Spread,liter,bottle,350,350.0,Bakery,,,,Room Temperature,False,,,True,True
Nutrella Spread,liter,bottle,750,632.43,Bakery,,,,Room Temperature,False,,,True,True
Desi Ghee ,kg,packet,1000,500.0,Ghee,,4.0,,Room Temperature,False,,KSHEER,True,True
Dalda Ghee ,kg,packet,1000,140.0,Ghee,,,,Room Temperature,False,,SCOTTER ,True,True
Silevada ,kg,packet,1000,48.0,Other,,3.0,,Room Temperature,False,,CHETAK ,True,True
Papad ,kg,packet,200,34.0,Papad,,2.0,,Room Temperature,False,,VISHAL ,True,True
Jeera Papad ,kg,packet,500,43.0,Spices,,3.0,,Room Temperature,False,,ZAKAS ,True,True
Madrasi Papad ,kg,packet,90,20.0,Papad,,8.0,,Room Temperature,False,,SRI MEENAKSHI TRADERS ,True,True
Khichiya Papad ,kg,packet,1000,100.0,Papad,,,,Room Temperature,False,,,True,True
Lijjat Papad,kg,packet,1000,340.0,Papad,,,,Room Temperature,False,,,True,True
Coconut Powder ,kg,packet,1000,288.0,Dairy,,2.0,,Room Temperature,False,,AMIRAS ,True,True
Noodles ,kg,packet,800,56.25,Grains,,0.5,,Room Temperature,False,,GOLDEN CROWN ,True,True
Vermicelli ,kg,packet,800,80.75,Grains,,8.0,,Room Temperature,False,,BAMBINO ,True,True
White Dalia ,kg,packet,1000,40.0,Grains,,2.0,,Room Temperature,False,,JAGDISH ,True,True
Poha ,kg,packet,1000,52.0,Grains,,6.0,,Room Temperature,False,,TAPARIA ,True,True
Sev Mota ,kg,packet,1000,200.0,Other,,3.0,,Room Temperature,False,,,True,True
Sev Barik ,kg,packet,1000,210.0,Other,,1.0,,Room Temperature,False,,,True,True
Custard Powder ,kg,packet,1000,95.0,Dry goods,,1.0,,Room Temperature,False,,BUTTER FLY ,True,True
Peanut ,kg,packet,1000,91.64,Other,,4.0,,Room Temperature,False,,,True,True
Soya Bean Badi ,kg,packet,1000,61.5,Proteins,,3.0,,Room Temperature,False,,RUCHI ,True,True
Moong Badi ,kg,packet,1000,125.0,Pulses,,,,Room Temperature,False,,MAMTA ,True,True
Magaj,kg,packet,1000,465.0,Other,,4.0,,Room Temperature,False,,ASHOK INDUSTRIES ,True,True
Suji ,kg,packet,1000,45.0,Grains,,4.0,,Room Temperature,False,,TAPARIA ,True,True
Itli Rawa ,kg,packet,1000,40.0,Grains,,7.0,,Room Temperature,False,,,True,True
Imli ,kg,packet,1000,125.0,Other,,2.0,,Room Temperature,False,,,True,True
Pani Puri  ,kg,packet,1000,95.0,Other,,,,Room Temperature,False,,AMAZING ,True,True
Gulab Jamun Powder ,kg,packet,200,107.0,Dairy,,11.0,,Room Temperature,False,,GITS ,True,True
Ajinomoto ,kg,packet,500,90.0,Kitchen,,0.5,,Room Temperature,False,,GOLDEN CROWN ,True,True
Spaghetti ,kg,packet,500,65.0,Grains,,,,Room Temperature,False,,GOLDEN CROWN ,True,True
Pasta Lasaniya,packet,packet,500,250.0,Grains,,,,Room Temperature,False,,,True,True
Pasta Penne  ,packet,packet,500,120.0,Grains,,,,Room Temperature,False,,,True,True
Pasta Macroni  ,packet,packet,500,83.61,Grains,,,,Room Temperature,False,,,True,True
Pasta Penne  ,kg,packet,1000,58.0,Grains,,,,Room Temperature,False,,ZILLI MILLI ,True,True
Pasta Macroni  ,kg,packet,1000,58.0,Grains,,,,Room Temperature,False,,ZILLI MILLI ,True,True
Gur (Jaggery),kg,packet,1000,42.97,Sugar,,4.0,,Room Temperature,False,,,True,True
Baking Powder ,kg,packet,400,48.14,Dry goods,,,,Room Temperature,False,,WEIKFIELD ,True,True
Murmura ,kg,packet,500,37.15,Other,,1.0,,Room Temperature,False,,,True,True
Sabudana ,kg,packet,500,36.5,Other,,,,Room Temperature,False,,,True,True
Coffee Powder 500 Grm,packet,packet,500,1779.0,Beverages,,,,Room Temperature,False,,,True,True
Coffee Esspresso Blend ,kg,packet,1000,1509.0,Beverages,,,,Room Temperature,False,,,True,True
Coffee,kg,packet,1000,660.69,Beverages,,0.5,,Room Temperature,False,,LAVAZZA,True,True
Coffee ,kg,packet,1000,1036.0,Beverages,,,,Room Temperature,False,,TATA ,True,True
Tea Lal Ghoda ,kg,packet,1000,277.0,Beverages,,5.0,,Room Temperature,False,,TATA ,True,True
Maggi ,packet,packet,1680,310.0,Other,,,,Room Temperature,False,,MAGGI ,True,True
Khaman Dhokla ,packet,packet,1000,195.0,Other,,,,Room Temperature,False,,GANPATI ,True,True
Kaju Soora,kg,packet,1000,450.0,Nuts,,,,Room Temperature,False,,,True,True
Kaju Tukda ,kg,packet,1000,822.0,Nuts,,0.7,,Room Temperature,False,,,True,True
Kaju Whole ,kg,packet,1000,826.0,Nuts,,,,Room Temperature,False,,,True,True
Green Elaichi ,kg,packet,100,3200.0,Spices,,,,Room Temperature,False,,,True,True
Coconut Water ,piece,individual,1,23.63,Water,,,,Room Temperature,False,,,True,True
Food Color ,liter,can,100,80.0,Other,,1.0,,Room Temperature,False,,BUSH ,True,True
Bourn Vita ,kg,packet,1000,410.0,Other,,,,Room Temperature,False,,CADBURY ,True,True
Garlic ,kg,packet,1000,76.0,Vegetables,,7.0,,Room Temperature,False,,,True,True
Green Peas ,kg,packet,5000,450.0,Vegetables,,,,Room Temperature,False,,,True,True
French Fry ,kg,packet,2500,310.0,Frozen,,,,Room Temperature,False,,,True,True
Saunf,kg,packet,1000,345.71,Spices,,1.0,,Room Temperature,False,,,True,True
French Fry ,kg,packet,3000,396.0,Frozen,,,,Room Temperature,False,,,True,True
Corn Flakes ,packet,packet,500,54.8,Vegetables,,10.0,,Room Temperature,False,,SHANTIS ,True,True
Honey ,liter,bottle,1000,343.0,Other,,,,Room Temperature,False,,PATANJALI ,True,True
American Corn ,packet,packet,1000,75.0,Vegetables,,,,Room Temperature,False,,FRESH O GREEN ,True,True
Chilli Flakes ,kg,packet,1000,400.0,Spices,,,,Room Temperature,False,,VIVA ,True,True
Oregano ,kg,packet,1000,350.0,Spices,,,,Room Temperature,False,,VIVA,True,True
Laung (Clove) ,kg,packet,1000,825.0,House keeping,,,,Room Temperature,False,,,True,True
Tutit Frutti,kg,packet,400,33.0,Fruits,,2.0,,Room Temperature,False,,,True,True
Choco Flakes ,packet,packet,375,115.15,Grains,,4.0,,Room Temperature,False,,SHANTIS,True,True
Tooth Pick,liter,bottle,50,8.8,Condiments,,4.0,,Room Temperature,False,,SILVER,True,True
Tahina Paste 1Kg,liter,can,1000,890.0,Condiments,,,,Room Temperature,False,,,True,True
Amsur Powder,kg,packet,1000,194.95,Dairy,,,,Room Temperature,False,,,True,True
Baked Beans 440Gm,kg,packet,440,46.2,Canned,,,,Room Temperature,False,,,True,True
Bread Crums,packet,packet,1000,125.0,Bakery,,,,Room Temperature,False,,,True,True
Chocolate Topping 1Ltr,liter,bottle,1000,238.0,Bakery,,,,Room Temperature,False,,,True,True
"Cooking Soda
Cooking Soda",packet,packet,100,10.0,Beverages,,,,Room Temperature,False,,,True,True
Garlic Powder 4 225Mrp,packet,packet,400,191.25,Vegetables,,,,Room Temperature,False,,,True,True
Gurd,kg,packet,1000,240.0,Pulses,,,,Room Temperature,False,,,True,True
Hershey Syrup Chocolate,liter,bottle,1,186.85,Syrup,,,,Room Temperature,False,,,True,True
Jalepeno Slice 850G Habit Jar,liter,jar,850,101.25,Vegetables,,,,Room Temperature,False,,,True,True
Jal Jeera Powder,packet,packet,1,126.26,Spices,,,,Room Temperature,False,,,True,True
Ker,kg,packet,1000,932.0,Spices,,,,Room Temperature,False,,,True,True
Sangari,kg,packet,1000,798.0,Other,,,,Room Temperature,False,,,True,True
Kery Pudina,liter,bottle,1000,242.25,Other,,,,Room Temperature,False,,,True,True
Kesar,packet,packet,1,128.0,Spices,,,,Room Temperature,False,,,True,True
White Til,packet,packet,1000,72.0,Seeds,,,,Room Temperature,False,,,True,True
Tea Bags Pouch 100,packet,packet,1,1.6,Beverages,,,,Room Temperature,False,,TETLEY ,True,True
Tea Bags Pouch 200,packet,packet,1,305.0,Beverages,,,,Room Temperature,False,,TETLEY ,True,True
Green Bags Pouch 25,packet,packet,1,161.5,Disposal,,,,Room Temperature,False,,TETLEY ,True,True
Coffee Pouch 144,packet,packet,1,267.84,Beverages,,,,Room Temperature,False,,NESCAFE ,True,True
Milk Powder Pouch 120,packet,packet,1,364.0,Dairy,,,,Room Temperature,False,,AMUL ,True,True
Milk Powder Pouch 150,packet,packet,1,375.0,Dairy,,,,Room Temperature,False,,EVERY DAY ,True,True
Sugar Pouch 200,packet,packet,1,115.5,Sugar,,,,Room Temperature,False,,JYOT ,True,True
Chilli Flakes Sachet 225Mrp,packet,packet,1,120.0,Spices,,,,Room Temperature,False,,,True,True
Slipper ,packet,packet,1,34.45,Room supply,,,,Room Temperature,False,,,True,True
Body Wash ,packet,packet,1,8.85,Other,,,,Room Temperature,False,,,True,True
Lotion ,packet,packet,1,8.85,Room supply,,,,Room Temperature,False,,,True,True
Shampoo,packet,packet,1,8.85,Room supply,,,,Room Temperature,False,,,True,True
Hair Oil ,packet,packet,1,0.85,Oils,,,,Room Temperature,False,,,True,True
Shower Cap ,packet,packet,1,3.85,Other,,,,Room Temperature,False,,,True,True
Care Kit ,packet,packet,1,4.42,Bakery,,,,Room Temperature,False,,,True,True
Glass Coaster ,packet,packet,1,1.77,Dairy,,,,Room Temperature,False,,,True,True
Dolly Paper ,packet,packet,1,16.0,Dairy,,,,Room Temperature,False,,,True,True
Glass Cover ,packet,packet,1,6.0,Dairy,,,,Room Temperature,False,,,True,True
Shoe Shine ,packet,packet,1,7.0,Other,,,,Room Temperature,False,,,True,True
Disposal Bag ,packet,packet,1,7.0,Disposal,,,,Room Temperature,False,,,True,True
Chocolate Box,packet,packet,1,98.0,Bakery,,,,Room Temperature,False,,,True,True
Oregano Spice Mix Schet,packet,packet,1,120.0,Spices,,,,Room Temperature,False,,,True,True
9 V Battery,piece,individual,1,180.0,Dairy,,,,Room Temperature,False,,,True,True
Aa Cell,piece,individual,1,5.5,Other,,,,Room Temperature,False,,,True,True
Aa Duro Cell,piece,individual,1,36.39,Other,,,,Room Temperature,False,,,True,True
Aaa Cell,piece,individual,1,5.0,Other,,,,Room Temperature,False,,,True,True
Agarbatti,packet,packet,1,40.0,Other,,,,Room Temperature,False,,,True,True
All Out Machine,piece,individual,1,80.0,Other,,,,Room Temperature,False,,,True,True
All Out Refil,piece,individual,1,55.0,Other,,,,Room Temperature,False,,,True,True
All Purpose Kit,piece,individual,1,3.54,Other,,,,Room Temperature,False,,,True,True
Bleaching Powder,kg,packet,1,51.0,House keeping,,,,Room Temperature,False,,,True,True
Body Wash,piece,individual,1,8.85,Other,,,,Room Temperature,False,,,True,True
Bodywash ,liter,bottle,5000,180.09,Room supply,,,,Room Temperature,False,,,True,True
Broom Danda,piece,individual,1,428.57,Spices,,,,Room Temperature,False,,,True,True
Broom Phool,piece,individual,1,70.0,Other,,,,Room Temperature,False,,,True,True
Comb,piece,individual,1,5.12,Room supply,,,,Room Temperature,False,,,True,True
Coster,piece,individual,1,1.7,Other,,,,Room Temperature,False,,,True,True
Cottan Siliper,bunch,pair,1,30.54,Room supply,,,,Room Temperature,False,,,True,True
Coular Patti,piece,individual,1,70.0,Grains,,3.0,,Room Temperature,False,,,True,True
Dental Kit,piece,individual,1,10.58,Room supply,,,,Room Temperature,False,,,True,True
Dettol Soap,piece,individual,1,8.89,House keeping,,200.0,,Room Temperature,False,,,True,True
Dhaga,packet,individual,1,80.0,Spices,,3.0,,Room Temperature,False,,,True,True
Dnd Card,piece,individual,1,10.03,Dry goods,,,,Room Temperature,False,,,True,True
Drawing Pin1*10Nos,packet,packet,1,110.25,Other,,,,Room Temperature,False,,,True,True
Dry Mop,piece,individual,1,220.8,House keeping,,1.0,,Room Temperature,False,,,True,True
Duro D2 Cell,piece,individual,1,162.5,Other,,,,Room Temperature,False,,,True,True
Dustbin 120 Ltr,piece,individual,1,2250.0,Other,,,,Room Temperature,False,,,True,True
Duster White,piece,individual,1,11.3,Other,,2.0,,Room Temperature,False,,,True,True
Electric Bat,piece,individual,1,475.0,Other,,,,Room Temperature,False,,,True,True
Exl Bar Soap ,piece,individual,1,8.71,House keeping,,60.0,,Room Temperature,False,,,True,True
Finayal,liter,bottle,5000,27.14,Other,,10.0,,Room Temperature,False,,,True,True
Garbege Bags  ( All ),kg,packet,1000,123.9,Disposal,,10.0,,Room Temperature,False,,,True,True
Hair Oil,packet,individual,100,85.0,Oils,,,,Room Temperature,False,,,True,True
Hand Gloves ,packet,individual,100,27.97,House keeping,,1.0,,Room Temperature,False,,,True,True
Handwash ,liter,bottle,5000,180.09,House keeping,,5.0,,Room Temperature,False,,,True,True
Handwash ,liter,bottle,5000,36.0,House keeping,,,,Room Temperature,False,,,True,True
Kapoor Goli,packet,individual,1000,116.0,Other,,,,Room Temperature,False,,,True,True
Ker Kit,piece,individual,1,5.8,Spices,,,,Room Temperature,False,,,True,True
Kot Roll,piece,roll,1,65.0,Other,,,,Room Temperature,False,,,True,True
Lakej Tag,piece,individual,1,2.12,Stationery,,,,Room Temperature,False,,,True,True
Laundry Bag Site,piece,individual,1,30.0,Disposal,,,,Room Temperature,False,,,True,True
Laundry Bag H.K.I,piece,individual,1,9.44,Disposal,,,,Room Temperature,False,,,True,True
Lemon Soap With Ki Logo,piece,individual,1,4.72,House keeping,,,,Room Temperature,False,,,True,True
Lock,piece,individual,1,30.0,Other,,,,Room Temperature,False,,,True,True
Lux Soap,piece,individual,1,8.51,House keeping,,,,Room Temperature,False,,,True,True
Match Pc,piece,individual,1,0.75,Other,,,,Room Temperature,False,,,True,True
Odonil,piece,individual,1,25.51,Other,,58.0,,Room Temperature,False,,,True,True
Pci Hit,piece,individual,1,115.69,Other,,,,Room Temperature,False,,,True,True
Pears Soap ,piece,individual,1,19.62,Vegetables,,,,Room Temperature,False,,,True,True
Reva Sense 5Ltr,liter,bottle,5000,165.2,Other,,,,Room Temperature,False,,,True,True
Ring Rabar,kg,packet,1000,200.0,Spices,,,,Room Temperature,False,,,True,True
Room Spray,piece,individual,1,114.13,Other,,1.0,,Room Temperature,False,,,True,True
Shampoo ,liter,bottle,380,152.57,Room supply,,,,Room Temperature,False,,,True,True
Shampoo ,liter,bottle,5000,180.09,Room supply,,,,Room Temperature,False,,,True,True
Shampoo Clinic Plus ,liter,pouch,1,0.73,Room supply,,700.0,,Room Temperature,False,,,True,True
Shaving Kit (Razor & Cream),packet,packet,1,13.57,Room supply,,,,Room Temperature,False,,,True,True
Dental Kit (Paste & Brush),packet,packet,1,11.8,Condiments,,,,Room Temperature,False,,,True,True
Shoe Shine,piece,individual,1,6.49,Other,,,,Room Temperature,False,,,True,True
Shower Cap,packet,packet,1,4.53,Other,,,,Room Temperature,False,,,True,True
Skin Lotion ,liter,bottle,5000,180.09,Room supply,,,,Room Temperature,False,,,True,True
Steel Wool Roll ,piece,roll,5000,1416.0,Other,,,,Room Temperature,False,,,True,True
Stick Mop,piece,individual,1,153.4,House keeping,,1.0,,Room Temperature,False,,,True,True
Su Shayner,piece,individual,1,6.49,Other,,,,Room Temperature,False,,,True,True
Surf Excel ,kg,packet,1000,118.47,House keeping,,7.0,,Room Temperature,False,,,True,True
Surf Excel ,packet,individual,750,80.97,House keeping,,,,Room Temperature,False,,,True,True
Surf Excel ,packet,individual,500,58.0,House keeping,,,,Room Temperature,False,,,True,True
Taski Emrail,can,can,5000,157.88,Other,,,,Room Temperature,False,,,True,True
Taski H 100,can,can,5000,187.85,Other,,,,Room Temperature,False,,,True,True
Taski Machine Paid,liter,individual,1,491.33,Other,,,,Room Temperature,False,,,True,True
Taski Nobile Plus,can,can,5000,1825.46,Other,,,,Room Temperature,False,,,True,True
Taski R-1,liter,barrel,5000,215.48,Other,,1.0,,Room Temperature,False,,,True,True
Taski R-2,liter,barrel,5000,182.39,Other,,,,Room Temperature,False,,,True,True
Taski R-3,liter,barrel,5000,249.03,Other,,0.5,,Room Temperature,False,,,True,True
Taski R-4,liter,barrel,5000,349.23,Other,,,,Room Temperature,False,,,True,True
Taski R-5,liter,barrel,5000,183.48,Other,,1.0,,Room Temperature,False,,,True,True
Taski R-6,liter,barrel,5000,130.11,Other,,1.0,,Room Temperature,False,,,True,True
Taski R-7,liter,barrel,5000,100.84,Other,,,,Room Temperature,False,,,True,True
Taski R-9,liter,barrel,5000,190.72,Other,,,,Room Temperature,False,,,True,True
Taski R6 500Ml,liter,individual,500,63.23,Other,,,,Room Temperature,False,,,True,True
Taski Suma D7.1,liter,bottle,5000,298.17,Other,,1.0,,Room Temperature,False,,,True,True
Taski Suma Drain,liter,barrel,5000,159.35,Spices,,,,Room Temperature,False,,,True,True
Taski Suma Grill D9,liter,bottle,5000,284.84,Other,,,,Room Temperature,False,,,True,True
Taski Suma Multi,liter,bottle,5000,96.68,Other,,,,Room Temperature,False,,,True,True
Taski Suma Select ,liter,bottle,25,417.34,Other,,,,Room Temperature,False,,,True,True
Taski Suma Ultra,liter,bottle,5000,517.9,Other,,,,Room Temperature,False,,,True,True
Taski Terranova,liter,bottle,1,437.42,Other,,,,Room Temperature,False,,,True,True
Taski Urinal Screen,liter,individual,1,448.06,Other,,,,Room Temperature,False,,,True,True
Scrub Pad,packet,individual,1,23.0,House keeping,,3.0,,Room Temperature,False,,,True,True
Taski Suma Date,liter,barrel,5000,128.27,Other,,2.0,,Room Temperature,False,,,True,True
Wc- Band,piece,individual,1,0.71,Other,,,,Room Temperature,False,,,True,True
Wipper Big,piece,individual,1,177.0,Room supply,,1.0,,Room Temperature,False,,,True,True
Wipper Small,piece,individual,1,141.6,Room supply,,2.0,,Room Temperature,False,,,True,True
W/C Brush,piece,individual,1,88.84,House keeping,,1.0,,Room Temperature,False,,,True,True
Taski Suma Dip -K1,liter,bottle,5000,204.93,Other,,,,Room Temperature,False,,,True,True
Vim Bar,packet,individual,1,9.35,Other,,,,Room Temperature,False,,,True,True
Wc Bend ,packet,packet,1,0.82,Other,,,,Room Temperature,False,,,True,True
Caustic Powder,kg,packet,1,52.41,Dairy,,14.0,,Room Temperature,False,,,True,True
Taski 100 L Crystal,kg,packet,1,274.27,Other,,,,Room Temperature,False,,,True,True
Taski Action Powder,kg,packet,1,314.7,Dairy,,,,Room Temperature,False,,,True,True
Taski Extra Soft,can,can,5000,250.0,Dairy,,,,Room Temperature,False,,,True,True
Taski Hypo,liter,bottle,50,65.07,Other,,6.0,,Room Temperature,False,,,True,True
Taski Suprime Powder,kg,packet,25,248.43,Dairy,,,,Room Temperature,False,,,True,True
Taski-200S,can,can,1,592.7,Other,,,,Room Temperature,False,,,True,True
Butter Paper Roll,packet,packet,1,155.0,Dairy,,,,Room Temperature,False,,,True,True
C Fold Paper ,packet,packet,1,34.0,Dairy,,42.0,,Room Temperature,False,,,True,True
Napkin Paper ,packet,packet,1,23.77,Dairy,,30.0,,Room Temperature,False,,,True,True
Tissue Paper ,packet,packet,1,23.0,Disposal,,,,Room Temperature,False,,,True,True
Tissue Roll ,packet,packet,1,1563.0,Disposal,,,,Room Temperature,False,,,True,True
Tissue Box ,box,box,1,31.86,Disposal,,,,Room Temperature,False,,,True,True
Toilet Roll ,packet,packet,1,7.25,Other,,120.0,,Room Temperature,False,,,True,True
Straw Pipe ,packet,packet,1,33.62,Disposal,,,,Room Temperature,False,,,True,True
Stick Strier ,packet,packet,1,45.0,Other,,,,Room Temperature,False,,,True,True
Silver Foil ,packet,packet,1,351.0,Oils,,4.0,,Room Temperature,False,,,True,True
Clean Foil ,packet,packet,1,269.0,Oils,,4.0,,Room Temperature,False,,,True,True
Disposal Paper Glass ,packet,packet,1,28.5,Dairy,,,,Room Temperature,False,,,True,True
Disposal Tea Cup ,packet,packet,1,13.27,Beverages,,90.0,,Room Temperature,False,,,True,True
Disposal Water Glass ,packet,packet,1,35.0,Water,,,,Room Temperature,False,,,True,True
Disposal Plate ,packet,packet,1,8.5,Disposal,,35.0,,Room Temperature,False,,,True,True
Disposal Spoon ,packet,packet,1,41.0,Disposal,,,,Room Temperature,False,,,True,True
Disposal Ice Cream Cup ,packet,packet,1,84.0,Rice,,,,Room Temperature,False,,,True,True
Meal Tray ,piece,individual,1,5.87,Disposal,,,,Room Temperature,False,,,True,True
Container Black  500 Ml,piece,individual,1,5.25,Disposal,,,,Room Temperature,False,,,True,True
Container Black 300 Ml ,piece,individual,1,4.6,Disposal,,,,Room Temperature,False,,,True,True
Container Black 400 Ml ,piece,individual,1,5.0,Disposal,,,,Room Temperature,False,,,True,True
Container Black 1000 Ml ,piece,individual,1,6.54,Disposal,,,,Room Temperature,False,,,True,True
Container Black 650 Ml ,piece,individual,1,7.38,Disposal,,,,Room Temperature,False,,,True,True
Container Black 250 Ml ,piece,individual,1,2.46,Disposal,,,,Room Temperature,False,,,True,True
Container Black 100 Ml ,piece,individual,1,2.24,Disposal,,,,Room Temperature,False,,,True,True
Plastic Carry Bag 1 Kg ,kg,packet,1,280.0,Disposal,,,,Room Temperature,False,,,True,True
Cap Kitchen  ,packet,packet,1,46.2,Other,,,,Room Temperature,False,,,True,True
Food Sample Pouch ,packet,packet,1,30.0,Fruits,,4.0,,Room Temperature,False,,,True,True
Service Hand Gloves ,packet,packet,1,33.0,House keeping,,,,Room Temperature,False,,,True,True
Packing Roll ,packet,packet,1,240.0,Disposal,,,,Room Temperature,False,,,True,True
Silver Bag 6*8,packet,packet,1,90.0,Disposal,,,,Room Temperature,False,,,True,True
Silver Bag 8*10 ,packet,packet,1,100.0,Disposal,,,,,,,,,
Bread Panni,packet,packet,1000,190.0,Bakery,,,,,,,,,
240 Ml D/W Glass White,piece,individual,1,3.54,Dairy,,,,,,,,,
350 Ml Pcs Glass(12Qz),piece,individual,1,3.07,Dairy,,,,,,,,,
500 Ml Packaging Dabba Black,piece,individual,1,5.59,Disposal,,,,,,,,,
92 Dia Pet Flat Lid With Dhkan,piece,individual,1,1.18,Grains,,,,,,,,,
"Butter Paper Roll
Butter Paper Roll",packet,packet,1,155.0,Dairy,,,,,,,,,
Cake Box 10*10,piece,individual,1,16.8,Bakery,,,,,,,,,
Cake Box 8*8,piece,individual,1,13.44,Bakery,,,,,,,,,
Cap Chef Paper A,piece,individual,1,6.17,Dairy,,,,,,,,,
"Carry Bag Plastic
Carry Bag  Plastic",kg,packet,1,135.64,Disposal,,,,,,,,,
"Meal Tray 8Cp
Meal Tray 8Cp",piece,individual,1,21.24,Disposal,,,,,,,,,
Pastry Box 5*5,piece,individual,1,5.43,Disposal,,,,,,,,,
Pizza Box 10*10,piece,individual,1,11.54,Disposal,,,,,,,,,
Plain Paper Bag 23*18*15 Small,piece,individual,1,4.72,Disposal,,,,,,,,,
Plain Paper Bag 30*21*18 Big,piece,individual,1,7.08,Disposal,,,,,,,,,
"Silver 6*8
Silver 6*8",packet,packet,1,88.29,Other,,,,,,,,,
"Silver8*10
Silver8*10",packet,packet,1,68.75,Other,,,,,,,,,
Stirrer Big,piece,individual,1,1.26,Other,,,,,,,,,
Stirrer Small,piece,individual,1,1.15,Other,,,,,,,,,
All Pin,packet,packet,500,40.0,Other,,,,,,,,,
Book Print Meal Coupon,piece,individual,1,134.5,Stationery,,,,,,,,,
Bread Tape,piece,individual,1,22.16,Bakery,,,,,,,,,
Carbon Paper,piece,individual,1,1.0,Dairy,,,,,,,,,
Cello Tap,packet,packet,1,61.0,Other,,,,,,,,,
Cello Tap Midiam,packet,packet,1,40.0,Flour,,,,,,,,,
Challan Book Big,piece,individual,1,111.94,Stationery,,1.0,,,,,,,
Challan Book Small,piece,individual,1,39.53,Stationery,,,,,,,,,
Clip Band,piece,individual,1,3.0,Other,,,,,,,,,
Dori File,piece,individual,1,10.0,Stationery,,,,,,,,,
Driver Long Book,piece,individual,1,55.0,Stationery,,,,,,,,,
Duplicate Book,piece,individual,1,20.91,Stationery,,,,,,,,,
Fevistick,piece,individual,1,24.09,Other,,,,,,,,,
File Box Big,piece,individual,1,85.0,Disposal,,,,,,,,,
File Mini,piece,individual,1,60.0,Stationery,,,,,,,,,
File Voucher,piece,individual,1,12.0,Stationery,,,,,,,,,
Gate Pass Book,piece,individual,1,121.0,Stationery,,,,,,,,,
Guest Key Pocket,piece,individual,1,2.9,Other,,,,,,,,,
Highlighter,piece,individual,1,24.55,Other,,,,,,,,,
L Folder,piece,individual,1,8.0,Other,,,,,,,,,
Latter Paid Hki,piece,individual,1,1.87,Water,,,,,,,,,
Lifafa All,piece,individual,1,1.99,Other,,,,,,,,,
Machine Stepler,piece,individual,1,30.0,Stationery,,,,,,,,,
Marker Big Parmanet,piece,individual,1,13.21,Stationery,,,,,,,,,
Marker Small Parmanet,piece,individual,1,8.23,Stationery,,,,,,,,,
Marker White Bord Marker,piece,individual,1,17.66,Stationery,,,,,,,,,
Paper Rin A4,packet,packet,1,231.6,Dairy,,,,,,,,,
Pen,piece,individual,1,2.76,Stationery,,,,,,,,,
Pen Unibull,piece,individual,1,80.0,Stationery,,,,,,,,,
Pencel,piece,individual,1,4.43,Other,,,,,,,,,
Purchase Book,piece,individual,1,70.0,Stationery,,,,,,,,,
Ragister,piece,individual,1,102.06,Stationery,,,,,,,,,
Ragister Attendence,piece,individual,1,102.26,Stationery,,,,,,,,,
Ragister Daily Stock,piece,individual,1,368.97,Stationery,,,,,,,,,
Ragister Duty Allotment,piece,individual,1,220.0,Stationery,,,,,,,,,
Ragister Entery,piece,individual,1,588.0,Stationery,,,,,,,,,
Ragister Floor Sectiction,piece,individual,1,119.0,Stationery,,,,,,,,,
Ragister Grooming,piece,individual,1,220.0,Stationery,,,,,,,,,
Ragister Hand Over,piece,individual,1,178.18,Stationery,,,,,,,,,
Ragister Massage,piece,individual,1,358.33,Stationery,,,,,,,,,
Ragister Op,piece,individual,1,260.0,Stationery,,,,,,,,,
Ragister Room S,piece,individual,1,130.0,Stationery,,,,,,,,,
Ragister Sabji Oder,piece,individual,1,190.0,Stationery,,,,,,,,,
Room Service Order Control She,packet,packet,1,170.0,Rice,,,,,,,,,
Staf Gate Pass Book,piece,individual,1,95.83,Stationery,,,,,,,,,
Stam Paid,piece,individual,1,30.0,Other,,,,,,,,,
Steaker,packet,packet,1,25.0,Stationery,,,,,,,,,
Stepler Pin Big,piece,individual,1,15.96,Stationery,,,,,,,,,
Stepler Pin Small,piece,individual,1,9.93,Stationery,,,,,,,,,
"Store Book
Store Book",piece,individual,1,199.0,Stationery,,,,,,,,,
Vegetable Book,piece,individual,1,175.0,Stationery,,,,,,,,,
Visitor Gate Pass Book,piece,individual,1,99.17,Stationery,,,,,,,,,
Voucher Cash Jama,piece,individual,1,48.53,Condiments,,,,,,,,,
Voucher Cash Payment,piece,individual,1,48.39,Stationery,,,,,,,,,
Voucher Salary,piece,individual,1,63.64,Stationery,,,,,,,,,
Whitener,piece,individual,1,17.83,Other,,,,,,,,,
Gas ,gram,tank,1,1900.0,Gas,,11.0,,,,,,,
Water Jar,liter,jar,2000,25.0,Water,,,,,,,,,
Coal Wooden,packet,packet,1,35.0,Coal,,,,,,,,,
Coal Stone,packet,packet,1,28.0,Coal,,,,,,,,,
Caramel Syrup ,liter,bottle,1000,770.0,Syrup,,,,,,,MTSR,,
Chocolate Syrup ,liter,bottle,700,760.0,Syrup,,,,,,,MTSR,,
Cinnamon Syrup ,liter,bottle,1000,860.0,Syrup,,,,,,,MTSR,,
Elderflower Syrup ,liter,bottle,1000,860.0,Syrup,,,,,,,MTSR,,
Hazeinut Syrup ,liter,bottle,1000,860.0,Syrup,,,,,,,MTSR,,
Lemon Ice Tea ,liter,bottle,1000,860.0,Beverages,,,,,,,MTSR,,
Lrish Cream Syrup ,liter,bottle,1000,700.0,Syrup,,,,,,,MTSR,,
Peach Syrup ,liter,bottle,1000,860.0,Syrup,,,,,,,MTSR,,
Vanilla Syrup ,liter,bottle,1000,860.0,Syrup,,,,,,,MTSR,,
Dry Yeast,packet,packet,500,170.35,Dry goods,,,,,,,ANGEL,,
Egg Free Red Velvetcake Mix ,packet,packet,1000,300.0,Poultry,,,,,,,CALPRO ,,
Egg Free Red Velvetcake Mix ,packet,packet,5000,1500.0,Poultry,,,,,,,CALPRO ,,
Almond Paste,packet,packet,1000,888.24,Condiments,,,,,,,CELEBRE,,
Liquid Food Colour Yellow,packet,packet,200,75.0,Flour,,,,,,,COLOUR MIST,,
Liquid Food Colour Purple,packet,packet,200,75.0,Flour,,,,,,,COLOUR MIST,,
Liquid Food Colour Blue,packet,packet,200,75.0,Flour,,,,,,,COLOUR MIST,,
Liquid Food Colour Green,packet,packet,200,75.0,Flour,,,,,,,COLOUR MIST,,
Liquid Food Colour Brown,packet,packet,200,240.0,Flour,,,,,,,COLOUR MIST,,
Liquid Food Colour Orange ,packet,packet,200,240.0,Fruits,,,,,,,COLOUR MIST,,
Liquid Food Colour Red,packet,packet,200,240.0,Flour,,,,,,,COLOUR MIST,,
Butterscotch Nuts 1Kg,piece,individual,1000,180.0,Other,,,,,,,CHOCOVILLE,,
Feuilletine French Biscuit,packet,packet,200,160.0,Beverages biscuits,,,,,,,MICS,,
Blueberry Frozen,packet,packet,1000,1516.67,Fruits,,,,,,,DIRA,,
Blueberry Puree,packet,packet,1000,1400.0,Fruits,,,,,,,DIRA,,
Strawberry Frozen,packet,packet,2500,1937.5,Fruits,,,,,,,DIRA,,
Strawverry Puree,packet,packet,1000,990.0,Fruits,,,,,,,DIRA,,
Mascarpone,packet,packet,500,350.0,Dairy,,,,,,,DILECTA,,
Baking Powder ,packet,packet,100,30.0,Dry goods,,,,,,,WEIKFIELD ,,
Rose White Flavour,packet,packet,500,449.34,Flour,,,,,,,IFF,,
Vanilla 2000 Powder,packet,packet,500,180.0,Dairy,,,,,,,IFF,,
Vanilla Flavour No1,packet,packet,500,335.28,Flour,,,,,,,IFF,,
Almoud Special ,piece,individual,500,468.0,Nuts,,,,,,,LEZ,,
Biscoff Spred,packet,packet,400,480.0,Other,,,,,,,LOTUS,,
Black Current Crush,liter,bottle,1000,190.0,Crush,,,,,,,MORDE,,
Milk Compound,piece,individual,500,170.0,Dairy,,,,,,,MORDE,,
Dark Chocolate (D45),piece,individual,500,486.0,Bakery,,,,,,,MORDE,,
Classic Bag,packet,packet,500,1550.0,Disposal,,,,,,,NESCAFE,,
Choco Wafer Rolls,packet,packet,250,80.0,Bakery,,,,,,,MICS,,
Milk Maid ,liter,can,380,140.9,Dairy,,,,,,,NESTLE,,
Premium Eggfree Chocolate,packet,packet,5000,1258.73,Bakery,,,,,,,PILLSBURY,,
Premium Eggfree Vanilla,packet,packet,5000,1009.55,Other,,,,,,,PILLSBURY,,
Baking Soda,packet,packet,500,59.72,Beverages,,,,,,,WEIKFIELD ,,
Chocolate Gel,packet,packet,1000,228.0,Bakery,,,,,,,PURIX ,,
Glucose Syrup,packet,packet,1000,181.42,Syrup,,,,,,,PURIX ,,
Pectin,piece,individual,75,368.0,Other,,,,,,,PURIX ,,
Blanced Sliced Almond,packet,packet,1000,1280.0,Nuts,,,,,,,RICH'S,,
Bv Caramel Syrup,packet,packet,1300,240.0,Syrup,,,,,,,RICH'S,,
Bv Chocolate Syrup,packet,packet,1300,240.0,Syrup,,,,,,,RICH'S,,
Hazelnut Choco Spread,packet,packet,1000,252.0,Bakery,,,,,,,RICH'S,,
Alphabet Mix Sprinkle,packet,packet,130,208.0,Condiments,,,,,,,RAPLAP,,
Blanced Almond Powder,packet,packet,1000,1100.0,Nuts,,,,,,,RAPLAP,,
Calcium Powder,packet,packet,1000,496.52,Dairy,,,,,,,RAPLAP,,
Calcium Powder,packet,packet,800,480.0,Dairy,,,,,,,RAPLAP,,
Dark Compound Chips,packet,packet,1000,394.44,Other,,,,,,,RAPLAP,,
Glaze Chocolate,packet,packet,2500,400.0,Bakery,,,,,,,RAPLAP,,
Hazelnut Kernal,packet,packet,500,1143.75,Other,,,,,,,RAPLAP,,
Luster Dust Gold,packet,packet,50,960.0,Other,,,,,,,RAPLAP,,
Luster Dust Silver ,packet,packet,50,960.0,Other,,,,,,,RAPLAP,,
Pearl Ball Red Mini,packet,packet,500,640.0,Bakery,,,,,,,RAPLAP,,
Wheat Gluten,packet,packet,1000,360.0,Grains,,,,,,,RAPLAP,,
Classic Breakfast Sugar,packet,packet,1000,75.0,Sugar,,,,,,,TRUST,,
Gold Brown Sugar,packet,packet,1000,120.0,Sugar,,,,,,,TRUST,,
Caster Sugar,packet,packet,1000,75.0,Sugar,,,,,,,UTTAM,,
Icing Sugar,packet,packet,1000,70.49,Sugar,,,,,,,UTTAM,,
Dark Chocolate 46.5%,packet,packet,1000,1050.0,Bakery,,,,,,,VAN HOUTEN PROFESSIONAL,,
Milk Chocolate 35.6%,packet,packet,1000,1180.0,Dairy,,,,,,,VAN HOUTEN PROFESSIONAL,,
White Chocolate,packet,packet,1000,1300.0,Bakery,,,,,,,VAN HOUTEN PROFESSIONAL,,
Cocoa Powder,packet,packet,1000,1080.0,Dry goods,,,,,,,VAN HOUTEN PROFESSIONAL,,
Unsalted Butter,packet,packet,500,280.0,Dairy,,,,,,,DYNAMIX,,
Unsalted Butter,packet,packet,500,300.0,Dairy,,,,,,,PRESIDENT ,,
Milk Powder,packet,packet,1000,400.0,Dairy,,,,,,,SKIMMED,,
"10""Cake Base Round Black-Mdf",piece,individual,1,7.79,Bakery,,,,,,,,,
"10""Cake Base Square Black-Mdf",piece,individual,1,7.79,Bakery,,,,,,,,,
250 Ml Paper Tray(50),packet,packet,1,145.07,Disposal,,,,,,,,,
4426 Paper Cups (1000Pc),piece,individual,1,315.38,Disposal,,,,,,,,,
500 Ml Paper Tray (50Pc),packet,packet,1,200.45,Disposal,,,,,,,,,
5030 Paper Cups (1000Pc),piece,individual,1,400.0,Disposal,,,,,,,,,
5037.5 Cups 1000Pc,piece,individual,1,420.0,Disposal,,,,,,,,,
"8"" Cake Base Square Black-Mdf",piece,individual,1,4.48,Bakery,,,,,,,,,
"8""Cake Base Round Black -Mdf",piece,individual,1,4.48,Bakery,,,,,,,,,
Acrylic Containerrectangle300M,piece,individual,1,25.0,Vegetables,,,,,,,,,
"Acrylic Small Rectangle Desert
Box (N59)",piece,individual,1,25.0,Disposal,,,,,,,,,
Cake Base Board 10*10,piece,individual,1,9.99,Bakery,,,,,,,,,
Cake Base Board 14*14,piece,individual,1,25.0,Bakery,,,,,,,,,
Cake Base Board 16*16,piece,individual,1,30.0,Bakery,,,,,,,,,
Cake Base Board Board 8*8,piece,individual,1,8.0,Bakery,,,,,,,,,
Cake Base Raound 5*5,piece,individual,1,5.0,Bakery,,,,,,,,,
Bolo Paper Cups,piece,individual,1,9.99,Disposal,,,,,,,,,
Small Dream Tin,packet,packet,1,30.0,Tin,,,,,,,,,
Square Food Container (50),packet,packet,50,920.0,Disposal,,,,,,,,,
Triangle Pastry Box,packet,packet,100,949.99,Disposal,,,,,,,,,
