Ingredient Name,Category,Unit of Measurement,Purchase Unit,Volume,Conversion Factor,Cost Per Unit,Cost Per Usage Unit,Description,Brand,Current Stock,Minimum Stock Level,Maximum Stock Level,Reorder Point,Storage Location,Storage Temperature,Is Perishable,Shelf Life Days,Active,Available,Barcode,SKU,Notes
MILK ,DAIRY ,LITRE ,LITRE ,1000 ML ,1,48,48,,SARAS ,,,,0,,room_temperature,TRUE,,TRUE,TRUE,,,
MILK TETRA ,DAIRY ,LITRE ,LITRE ,1000 ML ,1,70.29,70.29,,AMUL ,387,,,0,,room_temperature,FALSE,,TRUE,TRUE,,,
CREAM ,DAIRY ,LITRE ,LITRE ,1000 ML,1,212.21,212.21,,AMUL ,118,,,0,,room_temperature,FALSE,,TRUE,TRUE,,,
BUTTER ,DAIRY ,KG ,KG ,500 GM ,1,257.5,257.5,,AMUL ,309,,,0,,room_temperature,FALSE,,TRUE,TRUE,,,
MOZRELLA CHEESE ,DAIRY ,KG ,KG ,1000 GM,1,501,501,,,2,,,0,,room_temperature,FALSE,,TRUE,TRUE,,,
PANEER JAIN,DAIRY ,KG ,KG ,1000 GM,1,360,360,,,,,,0,,room_temperature,FALSE,,TRUE,TRUE,,,
PANEER BARMER,DAIRY ,KG ,KG ,1000 GM,1,200,200,,,,,,0,,room_temperature,FALSE,,TRUE,TRUE,,,
BREAD ,DAIRY ,KG ,KG ,500 GM,1,34,34,,,,,,0,,room_temperature,FALSE,,TRUE,TRUE,,,
BREAD ,DAIRY ,KG ,KG ,900 GM,1,33,33,,SUPER,,,,0,,room_temperature,FALSE,,TRUE,TRUE,,,
BROWN BREAD ,DAIRY ,KG ,KG ,500 GM,1,40,40,,,,,,0,,room_temperature,FALSE,,TRUE,TRUE,,,
ICE CREAM BUTTER SCOTCH ,DAIRY ,LITRE ,LITRE ,5000 ML,1,584,584,,VADILAL ,7,,,0,,room_temperature,FALSE,,TRUE,TRUE,,,
ICE CREAM VANILLA ,DAIRY ,LITRE ,LITRE ,5000 ML,1,519,519,,VADILAL ,3,,,0,,room_temperature,FALSE,,TRUE,TRUE,,,
ICE CREAM STRAWBERRY ,DAIRY ,LITRE ,LITRE ,5000 ML,1,536,536,,VADILAL ,5,,,0,,room_temperature,FALSE,,TRUE,TRUE,,,
ICE CREAM CHOCOLATE ,DAIRY ,LITRE ,LITRE ,5000 ML,1,744,744,,VADILAL ,7,,,0,,room_temperature,FALSE,,TRUE,TRUE,,,
ICE CREAM AMERICAN,DAIRY ,LITRE ,LITRE ,5000 ML,1,739,739,,VADILAL ,0,,,0,,room_temperature,FALSE,,TRUE,TRUE,,,
 ICE CREAM FAMILY PACK ,DAIRY ,PACKET,PACKET,700 ML,1,287,287,,VADILAL ,19,,,0,,room_temperature,FALSE,,TRUE,TRUE,,,
CHEESE ,DAIRY ,KG ,KG ,1000 GM ,1,505,505,,AMUL ,0,,,0,,room_temperature,FALSE,,TRUE,TRUE,,,
LASSI ,DAIRY ,BOTTLE ,BOTTLE ,200 ML ,1,17.57,17.57,,AMUL ,180,,,0,,room_temperature,FALSE,,TRUE,TRUE,,,
BUTTER MILK ,DAIRY ,BOTTLE ,BOTTLE ,150 ML ,1,13.8,13.8,,AMUL ,420,,,0,,room_temperature,FALSE,,TRUE,TRUE,,,
COOL ,DAIRY ,BOTTLE ,BOTTLE ,180 ML,1,21.8,21.8,,AMUL ,120,,,0,,room_temperature,FALSE,,TRUE,TRUE,,,
CHEESE SLICE,DAIRY ,PACKET,PACKET,200 GM ,1,129.41,129.41,,AMUL ,0,,,0,,room_temperature,FALSE,,TRUE,TRUE,,,
EGG,NON - VEG,PIECE,PIECE,50 GM,1,4.93,4.93,,,,,,0,,room_temperature,FALSE,,TRUE,TRUE,,,
CHICKEN ,NON - VEG,KG ,KG ,1000 GM ,1,172,172,,,,,,0,,room_temperature,FALSE,,TRUE,TRUE,,,
FISH FUNGUS ,NON - VEG,KG ,KG ,1000 GM ,1,120,120,,,,,,0,,room_temperature,FALSE,,TRUE,TRUE,,,
FISH BASA,NON - VEG,KG ,KG ,1000 GM ,1,252,252,,,,,,0,,room_temperature,FALSE,,TRUE,TRUE,,,
FISH ROHU ,NON - VEG,KG ,KG ,1000 GM ,1,160,160,,,,,,0,,room_temperature,FALSE,,TRUE,TRUE,,,
PRAWNS FISH ,NON - VEG,KG ,KG ,1000 GM ,1,1210,1210,,,,,,0,,room_temperature,FALSE,,TRUE,TRUE,,,
MUTTON FRESH ,NON - VEG,KG ,KG ,1000 GM ,1,210,210,,,,,,0,,room_temperature,FALSE,,TRUE,TRUE,,,
MUTTON CURRY CUT ,NON - VEG,KG ,KG ,1000 GM ,1,500,500,,,,,,0,,room_temperature,FALSE,,TRUE,TRUE,,,
CHICKEN SAUCE ,NON - VEG,KG ,KG ,1000 GM,1,500,500,,,,,,0,,room_temperature,FALSE,,TRUE,TRUE,,,
TUNA FISH - IN BRINE ,NON - VEG,TIN,TIN,180 GM ,1,125,125,,GOLDEN CROWN ,0,,,0,,room_temperature,FALSE,,TRUE,TRUE,,,
ATTA WHEAT ,FLOUR ,KG ,KG ,30,1,33.4,33.4,,TAPARIA ,1440,,,0,,room_temperature,FALSE,,TRUE,TRUE,,,
MAIDA ,FLOUR ,KG ,KG ,45,1,35,35,,TAPARIA ,405,,,0,,room_temperature,FALSE,,TRUE,TRUE,,,
BESAN ,FLOUR ,KG ,KG ,1000 GM,1,90,90,,TAPARIA ,0,,,0,,room_temperature,FALSE,,TRUE,TRUE,,,
BESAN ,FLOUR ,KG ,KG ,1000 GM,1,94.5,94.5,,TAPARIA ,150,,,0,,room_temperature,FALSE,,TRUE,TRUE,,,
CORN FLOUR ,FLOUR ,KG ,KG ,1000 GM,1,60,60,,,28,,,0,,room_temperature,FALSE,,TRUE,TRUE,,,
ATTA 00 PIZA FLOUR,FLOUR ,KG ,KG ,1000GM,1,135,135,,,40,,,0,,room_temperature,FALSE,,TRUE,TRUE,,,
"MANGO,APPLE",BEVERAGES & BISCUITS ,LITRE ,LITRE ,1000 ML,1,86.25,86.25,,REAL FRUIT JUICE ,27,,,0,,room_temperature,FALSE,,TRUE,TRUE,,,
"PINEAPPLE, MIX, ORANGE",BEVERAGES & BISCUITS ,LITRE ,LITRE ,1000 ML,1,97.49,97.49,,REAL FRUIT JUICE ,74,,,0,,room_temperature,FALSE,,TRUE,TRUE,,,
GUAVA ,BEVERAGES & BISCUITS ,LITRE ,LITRE ,1000 ML,1,90,90,,REAL FRUIT JUICE ,,,,0,,room_temperature,FALSE,,TRUE,TRUE,,,
MIX FRUIT JUICE ,BEVERAGES & BISCUITS ,LITRE ,LITRE ,1200ML,1,66.66,66.66,,,0,,,0,,room_temperature,FALSE,,TRUE,TRUE,,,
MIX FRUIT JUICE ,BEVERAGES & BISCUITS ,LITRE ,LITRE ,600 ML ,1,31.79,31.79,,PAPER BOAT ,700,,,0,,room_temperature,FALSE,,TRUE,TRUE,,,
JUICE  125 ML,BEVERAGES & BISCUITS ,LITRE ,LITRE ,125 ML,1,8.67,8.67,,PAPER BOAT ,4446,,,0,,room_temperature,FALSE,,TRUE,TRUE,,,
MANGO JUICE ,BEVERAGES & BISCUITS ,LITRE ,LITRE ,125 ML,1,8.67,8.67,,MAAZA ,0,,,0,,room_temperature,FALSE,,TRUE,TRUE,,,
COLD DRINK ,BEVERAGES & BISCUITS ,BOTTLE ,BOTTLE ,2500 ML,1,92.22,92.22,,COCA COLA ,14,,,0,,room_temperature,FALSE,,TRUE,TRUE,,,
COLD DRINK ,BEVERAGES & BISCUITS ,BOTTLE ,BOTTLE ,1000 ML ,1,75.55,75.55,,COCA COLA ,0,,,0,,room_temperature,FALSE,,TRUE,TRUE,,,
COLD DRINK ,BEVERAGES & BISCUITS ,BOTTLE ,BOTTLE ,250 ML ,1,18.21,18.21,,COCA COLA ,188,,,0,,room_temperature,FALSE,,TRUE,TRUE,,,
SODA ,BEVERAGES & BISCUITS ,BOTTLE ,BOTTLE ,750 ML ,1,15,15,,KINLEY ,216,,,0,,room_temperature,FALSE,,TRUE,TRUE,,,
SODA ,BEVERAGES & BISCUITS ,BOTTLE ,BOTTLE ,300ML,1,9.17,9.17,,PEPSI,0,,,0,,room_temperature,FALSE,,TRUE,TRUE,,,
WATER MINERAL,BEVERAGES & BISCUITS ,BOTTLE ,BOTTLE ,1000 ML ,1,9.16,9.16,,BISLERI ,2040,,,0,,room_temperature,FALSE,,TRUE,TRUE,,,
 WATER MINERAL,BEVERAGES & BISCUITS ,BOTTLE ,BOTTLE ,500 ML ,1,6.66,6.66,,BISLERI ,0,,,0,,room_temperature,FALSE,,TRUE,TRUE,,,
 WATER MINERAL,BEVERAGES & BISCUITS ,BOTTLE ,BOTTLE ,250 ML ,1,5,5,,BISLERI ,4560,,,0,,room_temperature,FALSE,,TRUE,TRUE,,,
BISCUIT RS 5,BEVERAGES & BISCUITS ,PACKET ,PACKET ,,1,4.54,4.54,,,408,,,0,,room_temperature,FALSE,,TRUE,TRUE,,,
BISCUIT RS 10,BEVERAGES & BISCUITS ,PACKET ,PACKET ,,1,8.6,8.6,,,9300,,,0,,room_temperature,FALSE,,TRUE,TRUE,,,
NAMKEEN RS 5,BEVERAGES & BISCUITS ,PACKET ,PACKET ,,1,3.95,3.95,,,3744,,,0,,room_temperature,FALSE,,TRUE,TRUE,,,
NAMKEEN RS 10,BEVERAGES & BISCUITS ,PACKET ,PACKET ,,1,7.55,7.55,,,2800,,,0,,room_temperature,FALSE,,TRUE,TRUE,,,
MUESLI ,BEVERAGES & BISCUITS ,PACKET ,PACKET ,1000 KG ,1,602,602,,TATA ,0,,,0,,room_temperature,FALSE,,TRUE,TRUE,,,
LAYS ,BEVERAGES & BISCUITS ,PACKET ,PACKET ,,1,9,9,,,405,,,0,,room_temperature,FALSE,,TRUE,TRUE,,,
KURKURE ,BEVERAGES & BISCUITS ,PACKET ,PACKET ,,1,9,9,,,0,,,0,,room_temperature,FALSE,,TRUE,TRUE,,,
NAMKEEN,BEVERAGES & BISCUITS ,PACKET ,PACKET ,400 GM ,1,90,90,,,0,,,0,,room_temperature,FALSE,,TRUE,TRUE,,,
BISCUIT RS 25 ,BEVERAGES & BISCUITS ,PACKET ,PACKET ,,1,19,19,,,720,,,0,,room_temperature,FALSE,,TRUE,TRUE,,,
JEERA  DRINK,BEVERAGES & BISCUITS ,BOTTLE ,BOTTLE ,,1,8.67,8.67,,,150,,,0,,room_temperature,FALSE,,TRUE,TRUE,,,
MUESLI ,BEVERAGES & BISCUITS ,PACKET ,PACKET ,500 GM ,1,313,313,,BAGRRY'S,4,,,0,,room_temperature,FALSE,,TRUE,TRUE,,,
COCA COLA,BEVERAGES & BISCUITS ,CAN,CAN,300 ML,1,40,40,,COKE,0,,,0,,room_temperature,FALSE,,TRUE,TRUE,,,
RED BULL ENERGY DRINK,BEVERAGES & BISCUITS ,CAN,CAN,,1,92.62,92.62,,,168,,,0,,room_temperature,FALSE,,TRUE,TRUE,,,
TONIC WATER,BEVERAGES & BISCUITS ,CAN,CAN,,1,46.62,46.62,,,0,,,0,,room_temperature,FALSE,,TRUE,TRUE,,,
KHUSH SHARBAT,BEVERAGES & BISCUITS ,BOTTLE,BOTTLE,1000 ML,1,227,227,,,13,,,0,,room_temperature,FALSE,,TRUE,TRUE,,,
ROSE MARRY,BEVERAGES & BISCUITS ,PACKET,PACKET,250 GM,1,180,180,,,0,,,0,,room_temperature,FALSE,0,TRUE,TRUE,,,
ROSE SHARBAT,BEVERAGES & BISCUITS ,BOTTLE,BOTTLE,1000 ML,1,312,312,,,2,,,0,,room_temperature,FALSE,0,TRUE,TRUE,,,
THANDAI,BEVERAGES & BISCUITS ,BOTTLE,BOTTLE,1000 ML,1,345,345,,,0,,,0,,room_temperature,FALSE,,TRUE,TRUE,,,
KITCHEN KING ,SPICES ,PACKET ,PACKET ,100 GM ,1,63.65,63.65,,TATA ,199,,,0,,room_temperature,FALSE,,TRUE,TRUE,,,
CHOLE MASALA ,SPICES ,PACKET ,PACKET ,100 GM ,1,62.31,62.31,,TATA ,170,,,0,,room_temperature,FALSE,,TRUE,TRUE,,,
CHAT MASALA ,SPICES ,PACKET ,PACKET ,100 GM ,1,60.3,60.3,,TATA ,89,,,0,,room_temperature,FALSE,,TRUE,TRUE,,,
MEAT MASALA ,SPICES ,PACKET ,PACKET ,100 GM ,1,65,65,,TATA ,139,,,0,,room_temperature,FALSE,,TRUE,TRUE,,,
CHICKEN MASALA ,SPICES ,PACKET ,PACKET ,100 GM ,1,65,65,,TATA ,174,,,0,,room_temperature,FALSE,,TRUE,TRUE,,,
SALT ,SPICES ,PACKET ,PACKET ,1 KG ,1,25,25,,TATA ,278,,,0,,room_temperature,FALSE,,TRUE,TRUE,,,
SALT ,SPICES ,PACKET ,PACKET ,1 KG ,1,13.7,13.7,,NIRMA ,0,,,0,,room_temperature,FALSE,,TRUE,TRUE,,,
SALT ,SPICES ,PACKET ,PACKET ,1 KG ,1,6.64,6.64,,TAPARIA ,0,,,0,,room_temperature,FALSE,,TRUE,TRUE,,,
SALT SANDHA,SPICES ,PACKET,PACKET,1 KG ,1,34,34,,,14,,,0,,room_temperature,FALSE,,TRUE,TRUE,,,
BRIYANI MASALA ,SPICES ,PACKET ,PACKET ,50GM ,1,61,61,,CATCH ,57,,,0,,room_temperature,FALSE,,TRUE,TRUE,,,
TEA MASALA ,SPICES ,PACKET ,PACKET ,50GM ,1,49,49,,CATCH ,0,,,0,,room_temperature,FALSE,,TRUE,TRUE,,,
HING ,SPICES ,BOTTLE ,BOTTLE ,100 GM ,1,188,188,,CATCH ,100,,,0,,room_temperature,FALSE,,TRUE,TRUE,,,
KASHMIRI LAL RED CHILLI POWDER ,SPICES ,KG ,KG ,1000 GM ,1,640,640,,CATCH ,86,,,0,,room_temperature,FALSE,,TRUE,TRUE,,,
RAJMA MASALA ,SPICES ,PACKET ,PACKET ,100 GM ,1,64,64,,CATCH ,99,,,0,,room_temperature,FALSE,,TRUE,TRUE,,,
SAMBHAR MASALA ,SPICES ,PACKET ,PACKET ,100 GM ,1,88,88,,CATCH ,0,,,0,,room_temperature,FALSE,,TRUE,TRUE,,,
PAV BHAJI MASALA ,SPICES ,PACKET ,PACKET ,100 GM ,1,75,75,,CATCH ,30,,,0,,room_temperature,FALSE,,TRUE,TRUE,,,
WHITE PEPPER MASALA ,SPICES ,KG ,KG ,1000 GM ,1,1500,1500,,CATCH ,0,,,0,,room_temperature,FALSE,,TRUE,TRUE,,,
RASAM MASALA ,SPICES ,PACKET ,PACKET ,100 GM ,1,57,57,,FLAVARICH ,0,,,0,,room_temperature,FALSE,,TRUE,TRUE,,,
KASTURI METHI ,SPICES ,PACKET ,PACKET ,100 GM ,1,44,44,,PUNEET MASALA ,352,,,0,,room_temperature,FALSE,,TRUE,TRUE,,,
PANI PURI MASALA ,SPICES ,KG ,KG ,100 GM,1,67,67,,AMAZING ,3,,,0,,room_temperature,FALSE,,TRUE,TRUE,,,
JEERA  ,SPICES ,KG ,KG ,1000 GM ,1,241,241,,,39,,,0,,room_temperature,FALSE,,TRUE,TRUE,,,
SALT WHITE POUCH  250,SPICES ,PACKET ,PACKET ,250GM ,1,50,50,,,0,,,0,,room_temperature,FALSE,,TRUE,TRUE,,,
SALT BLACK POUCH 250 ,SPICES ,PACKET ,PACKET ,250GM ,1,160,160,,,9,,,0,,room_temperature,FALSE,,TRUE,TRUE,,,
METHI SABUT ,SPICES ,KG ,KG ,1000 GM ,1,94,94,,,4.5,,,0,,room_temperature,FALSE,,TRUE,TRUE,,,
RAI ,SPICES ,KG ,KG ,1000 GM ,1,75.6,75.6,,,24,,,0,,room_temperature,FALSE,,TRUE,TRUE,,,
AMCHUR ,SPICES ,KG ,KG ,1000 GM ,1,150,150,,,10,,,0,,room_temperature,FALSE,,TRUE,TRUE,,,
HALDI POWDER ,SPICES ,KG ,KG ,1000 GM ,1,208,208,,,43,,,0,,room_temperature,FALSE,,TRUE,TRUE,,,
RED CHILLI POWDER ,SPICES ,KG ,KG ,1000 GM ,1,194,194,,,54,,,0,,room_temperature,FALSE,,TRUE,TRUE,,,
DHANIA POWDER ,SPICES ,KG ,KG ,1000 GM ,1,134,134,,,36,,,0,,room_temperature,FALSE,,TRUE,TRUE,,,
RED CHILLI SABUT ,SPICES ,KG ,KG ,1000 GM ,1,169,169,,,53,,,0,,room_temperature,FALSE,,TRUE,TRUE,,,
DHANIA SABUT ,SPICES ,KG ,KG ,1000 GM ,1,93,93,,,7.5,,,0,,room_temperature,FALSE,,TRUE,TRUE,,,
BLACK PEPPER ,SPICES ,KG ,KG ,1000 GM ,1,360,360,,,31,,,0,,room_temperature,FALSE,,TRUE,TRUE,,,
DAL CHINI ,SPICES ,KG ,KG ,1000 GM ,1,260,260,,,14,,,0,,room_temperature,FALSE,,TRUE,TRUE,,,
ELACHI BIG ,SPICES ,KG ,KG ,1000 GM ,1,1950,1950,,,5,,,0,,room_temperature,FALSE,,TRUE,TRUE,,,
STAR PHOOL ,SPICES ,KG ,KG ,1000 GM ,1,380,380,,,3,,,0,,room_temperature,FALSE,,TRUE,TRUE,,,
TEZ PATA ,SPICES ,KG ,KG ,1000 GM ,1,100,100,,,10,,,0,,room_temperature,FALSE,,TRUE,TRUE,,,
ELACHI HARI ,SPICES ,KG ,KG ,1000 GM ,1,3200,3200,,,4,,,0,,room_temperature,FALSE,,TRUE,TRUE,,,
KALONJI,SPICES ,KG,KG,1000 GM,1,266.77,266.77,,,0,,,0,,room_temperature,FALSE,,TRUE,TRUE,,,
LONG,SPICES ,KG,KG,1000 GM,1,780,780,,,6,,,0,,room_temperature,FALSE,,TRUE,TRUE,,,
JAVETRI,SPICES ,KG,KG,1000 GM,1,1872,1872,,,7,,,0,,room_temperature,FALSE,,TRUE,TRUE,,,
BLACK SALT ,SPICES ,KG ,KG ,1000 GM ,1,30,30,,,56,,,0,,room_temperature,FALSE,,TRUE,TRUE,,,
KHADA MASALA ,SPICES ,KG ,KG ,1000 GM ,1,1256,1256,,,,,,0,,room_temperature,FALSE,,TRUE,TRUE,,,
AROMAT SEASONING POWDER,SPICES ,PACKET,PACKET,500 GM,1,215,215,,KNORR,23,,,0,,room_temperature,FALSE,,TRUE,TRUE,,,
BILECHING POWDER,SPICES ,PACKET,PACKET,1000 GM,1,32.06,32.06,,,150,,,0,,room_temperature,FALSE,,TRUE,TRUE,,,
PERI PERI MASALA,SPICES ,PACKET,PACKET,100 GM,1,150,150,,,19,,,0,,room_temperature,FALSE,,TRUE,TRUE,,,
SUGAR LOOSE ,SUGAR ,KG ,KG ,1000 GM ,1,43.5,43.5,,,2111,,,0,,room_temperature,FALSE,,TRUE,TRUE,,,
SUGAR CANDY ,SUGAR ,KG ,KG ,1000 GM ,1,54,54,,,82,,,0,,room_temperature,FALSE,,TRUE,TRUE,,,
SUGAR CUBE ,SUGAR ,KG ,KG ,500 GM ,1,48,48,,DAURALA ,26,,,0,,room_temperature,FALSE,,TRUE,TRUE,,,
SUGAR FREE,SUGAR ,PACKET,PACKET,.75 GM,1,100,100,,GOLD,11,,,0,,room_temperature,FALSE,,TRUE,TRUE,,,
STAFF RICE ,RICE ,KG ,KG ,1000 GM ,1,36,36,,,311,,,0,,room_temperature,FALSE,,TRUE,TRUE,,,
BRIYANI RICE 48 NO.,RICE ,KG ,KG ,1000 GM ,1,64.5,64.5,,AMEENA ,314,,,0,,room_temperature,FALSE,,TRUE,TRUE,,,
BRIYANI RICE 52 NO.,RICE ,KG,KG,1000 GM,1,67.74,67.74,,,390,,,0,,room_temperature,FALSE,,TRUE,TRUE,,,
GUEST RICE ,RICE ,KG ,KG ,1000 GM ,1,43,43,,JEEBA ,2334,,,0,,room_temperature,FALSE,,TRUE,TRUE,,,
DOSA KANI ,RICE ,KG ,KG ,1000 GM ,1,35,35,,JEEBA ,200,,,0,,room_temperature,FALSE,,TRUE,TRUE,,,
DAWAT RICE ,RICE ,KG,KG,1000 GM ,1,99.75,99.75,,JASAL A ONE ,70,,,0,,room_temperature,FALSE,,TRUE,TRUE,,,
BRIYANI RICE  ,RICE ,KG,KG,1000 GM ,1,68.5,68.5,,INDIA GATE ,0,,,0,,room_temperature,FALSE,,TRUE,TRUE,,,
REGULAR CHOICE RICE ,RICE ,KG,KG,1000 GM ,1,74.2,74.2,,INDIA GATE ,0,,,0,,room_temperature,FALSE,,TRUE,TRUE,,,
MUSHROOM BUTTON ,TIN ,TIN ,TIN ,800 GM ,1,86.45,86.45,,FRUTINS,445,,,0,,room_temperature,FALSE,,TRUE,TRUE,,,
MUSHROOM SLICE ,TIN ,TIN ,TIN ,800 GM ,1,58.3,58.3,,FRUTINS,442,,,0,,room_temperature,FALSE,,TRUE,TRUE,,,
PINEAPPLE SLICE ,TIN ,TIN,TIN,840 GM ,1,85.87,85.87,,FRUTINS,117,,,0,,room_temperature,FALSE,,TRUE,TRUE,,,
FRUIT COCKTAIL ,TIN ,TIN,TIN,840 GM ,1,85.87,85.87,,FRUTINS,264,,,0,,room_temperature,FALSE,,TRUE,TRUE,,,
TOMATO PUREE,TIN ,TIN,TIN,825 GM,1,47.83,47.83,,FRUTINS,374,,,0,,room_temperature,FALSE,,TRUE,TRUE,,,
RED CHEERIES ,TIN ,TIN,TIN,830 GM ,1,107.8,107.8,,FRUTINS,2,,,0,,room_temperature,FALSE,,TRUE,TRUE,,,
BABY CORN,TIN ,TIN,TIN,400 GM ,1,47.11,47.11,,FRUTINS,62,,,0,,room_temperature,FALSE,,TRUE,TRUE,,,
COCONUT MILK ,TIN ,TIN,TIN,400 ML,1,155,155,,FRUTINS,24,,,0,,room_temperature,FALSE,,TRUE,TRUE,,,
BAMBOO SHOOT,TIN ,TIN,TIN,800 GM ,1,77,77,,FRUTINS,18,,,0,,room_temperature,FALSE,,TRUE,TRUE,,,
SWEET CORN CREAM STYLE ,TIN ,TIN,TIN,440 GM ,1,29.33,29.33,,FRUTINS,268,,,0,,room_temperature,FALSE,,TRUE,TRUE,,,
CHIPO.PAPEER IN ADOBA SAUCE2.8,TIN ,TIN ,TIN ,2800 GM,1,2156,2156,,,2,,,0,,room_temperature,FALSE,,TRUE,TRUE,,,
RED CHERRIES SYRUP,TIN ,TIN ,TIN ,830 GM ,1,91.65,91.65,,,,,,0,,room_temperature,FALSE,,TRUE,TRUE,,,
GREEN CHILLI SAUCE,"SAUCE, JAM AND PICKLE  ",BOTTLE ,BOTTLE ,680 GM,1,45,45,,CHINGH,116,,,0,,room_temperature,FALSE,,TRUE,TRUE,,,
RED CHILLI SAUCE,"SAUCE, JAM AND PICKLE  ",BOTTLE ,BOTTLE ,680 GM,1,45,45,,CHINGH,13,,,0,,room_temperature,FALSE,,TRUE,TRUE,,,
SOYA SAUCE  ,"SAUCE, JAM AND PICKLE  ",BOTTLE,BOTTLE,750 GM,1,45,45,,CHINGH,42,,,0,,room_temperature,FALSE,,TRUE,TRUE,,,
GREEN CHILLI SAUCE  ,"SAUCE, JAM AND PICKLE  ",BOTTLE ,BOTTLE ,4500 GM ,1,235,235,,EVERPLUS ,16,,,0,,room_temperature,FALSE,,TRUE,TRUE,,,
RED CHILLI SAUCE  ,"SAUCE, JAM AND PICKLE  ",BOTTLE ,BOTTLE ,4500 GM ,1,235,235,,EVERPLUS ,12,,,0,,room_temperature,FALSE,,TRUE,TRUE,,,
TOMYOM SAUCE,"SAUCE, JAM AND PICKLE  ",BOTTLE,BOTTLE,1000 GM,1,470,470,,PREMIUM VEGETERIAN,0,,,0,,room_temperature,FALSE,,TRUE,TRUE,,,
SOYA SAUCE  ,"SAUCE, JAM AND PICKLE  ",BOTTLE ,BOTTLE ,5000 GM ,1,235,235,,EVERPLUS ,6,,,0,,room_temperature,FALSE,,TRUE,TRUE,,,
BARBECUS SAUCE,"SAUCE, JAM AND PICKLE  ",BOTTLE,BOTTLE,510 GM,1,229.41,229.41,,,14,,,0,,room_temperature,FALSE,,TRUE,TRUE,,,
WORSTERD SAUCE,"SAUCE, JAM AND PICKLE  ",BOTTLE,BOTTLE,750 GM,1,51.41,51.41,,,8,,,0,,room_temperature,FALSE,,TRUE,TRUE,,,
MIX PICKLE ,"SAUCE, JAM AND PICKLE  ",BOTTLE ,BOTTLE ,5000 GM ,1,245,245,,EVERPLUS ,40,,,0,,room_temperature,FALSE,,TRUE,TRUE,,,
MIX JAM ,"SAUCE, JAM AND PICKLE  ",BOTTLE ,BOTTLE ,4500 GM ,1,350,350,,EVERPLUS ,42,,,0,,room_temperature,FALSE,,TRUE,TRUE,,,
TOMATO KETCHUP ,"SAUCE, JAM AND PICKLE  ",BOTTLE ,BOTTLE ,1200 GM ,1,82,82,,DR OETKER ,15,,,0,,room_temperature,FALSE,,TRUE,TRUE,,,
TOMATO KETCHUP ,"SAUCE, JAM AND PICKLE  ",PACKET,PACKET,2000 GM,1,190,190,,KISHAN,16,,,0,,room_temperature,FALSE,,TRUE,TRUE,,,
TOMATO KETCHUP,"SAUCE, JAM AND PICKLE  ",PACKET,PACKET,5000 GM ,1,230,230,,,5,,,0,,room_temperature,FALSE,,TRUE,TRUE,,,
TOMATO KETCHUP POUCS,"SAUCE, JAM AND PICKLE  ",PACKET,PACKET,100 PC,1,65,65,,,17,,,0,,room_temperature,FALSE,,TRUE,TRUE,,,
MIX PICKLE ,"SAUCE, JAM AND PICKLE  ",BOTTLE ,BOTTLE ,950 GM ,1,114,114,,EVEREST ,22,,,0,,room_temperature,FALSE,,TRUE,TRUE,,,
GREEN CHILLI PICKLE ,"SAUCE, JAM AND PICKLE  ",BOTTLE ,BOTTLE ,950 GM ,1,170,170,,EVEREST ,2,,,0,,room_temperature,FALSE,,TRUE,TRUE,,,
8 TO 8 SAUCE ,"SAUCE, JAM AND PICKLE  ",BOTTLE ,BOTTLE ,200 GM ,1,80,80,,GOLDEN CROWN ,33,,,0,,room_temperature,FALSE,,TRUE,TRUE,,,
PERI PERI MAYO VIBA,"SAUCE, JAM AND PICKLE  ",PACKET,PACKET,1000 GM,1,185,185,,,0,,,0,,room_temperature,FALSE,,TRUE,TRUE,,,
TANDOORI MAYONISE CREAM,"SAUCE, JAM AND PICKLE  ",PACKET,PACKET,1000 GM,1,190,190,,,0,,,0,,room_temperature,FALSE,,TRUE,TRUE,,,
MAYONISE CREAM ,"SAUCE, JAM AND PICKLE  ",PACKET ,PACKET ,1000 GM ,1,100,100,,DR OETKER ,19,,,0,,room_temperature,FALSE,,TRUE,TRUE,,,
OYSTER SAUCE ,"SAUCE, JAM AND PICKLE  ",BOTTLE ,BOTTLE ,510 GM ,1,225,225,,LEE KUM KEE ,10,,,0,,room_temperature,FALSE,,TRUE,TRUE,,,
MUSTARD SAUCE ,"SAUCE, JAM AND PICKLE  ",BOTTLE ,BOTTLE ,1000 GM ,1,125,125,,GOLDEN CROWN ,9,,,0,,room_temperature,FALSE,,TRUE,TRUE,,,
VEG WORCESTER SHIRE SAUCE ,"SAUCE, JAM AND PICKLE  ",BOTTLE ,BOTTLE ,200 GM ,1,48.75,48.75,,,0,,,0,,room_temperature,FALSE,,TRUE,TRUE,,,
H P SAUCE ,"SAUCE, JAM AND PICKLE  ",BOTTLE,BOTTLE,200 GM ,1,205,205,,,10,,,0,,room_temperature,FALSE,,TRUE,TRUE,,,
PICKLE MIXED VEGETABLE ,"SAUCE, JAM AND PICKLE  ",BOTTLE ,BOTTLE ,300 GM ,1,110,110,,PRIYA ,15,,,0,,room_temperature,FALSE,,TRUE,TRUE,,,
GREEN CHILLI PICKLE ,"SAUCE, JAM AND PICKLE  ",BOTTLE ,BOTTLE ,500 GM ,1,130,130,,KHTARIJI ,0,,,0,,room_temperature,FALSE,,TRUE,TRUE,,,
MIX FRUIT JAM ,"SAUCE, JAM AND PICKLE  ",BOTTLE ,BOTTLE ,1000 GM ,1,105,105,,,0,,,0,,room_temperature,FALSE,,TRUE,TRUE,,,
MIXED VEGETABLE PICKLE ,"SAUCE, JAM AND PICKLE  ",BOTTLE ,BOTTLE ,300 GM ,1,93.49,93.49,,PRIYA ,0,,,0,,room_temperature,FALSE,,TRUE,TRUE,,,
BARBECUE SAUCE,"SAUCE, JAM AND PICKLE  ",BOTTLE,BOTTLE,510 GM,1,243,243,,GOLDEN CROWN,0,,,0,,room_temperature,FALSE,,TRUE,TRUE,,,
NACHOSE CHIPS,"SAUCE, JAM AND PICKLE  ",PACKET,PACKET,200GM,1,79.79,79.79,,,28,,,0,,room_temperature,FALSE,,TRUE,TRUE,,,
NIMBOO SAT,"SAUCE, JAM AND PICKLE  ",PACKET,PACKET,1000 GM,1,216.52,216.52,,,0,,,0,,room_temperature,FALSE,,TRUE,TRUE,,,
OYESTER SAUCE,"SAUCE, JAM AND PICKLE  ",BOTTLE,BOTTLE,750 M,1,222,222,,,,,,0,,room_temperature,FALSE,,TRUE,TRUE,,,
PIZA PISTA SAUCE,"SAUCE, JAM AND PICKLE  ",BOTTLE,BOTTLE,1000 GM,1,155,155,,,0,,,0,,room_temperature,FALSE,,TRUE,TRUE,,,
PINEAPPLE  ,CRUSH ,BOTTLE ,BOTTLE ,1000 ML ,1,196,196,,,23,,,0,,room_temperature,FALSE,,TRUE,TRUE,,,
BANANA CRUSH,CRUSH ,BOTTLE,BOTTLE,,1,201,201,,,0,,,0,,room_temperature,FALSE,,TRUE,TRUE,,,
BLUE CURACO CURSH,CRUSH ,BOTTLE,BOTTLE,,1,276.75,276.75,,,9,,,0,,room_temperature,FALSE,,TRUE,TRUE,,,
GUAVA CRUSH ,CRUSH ,BOTTLE,BOTTLE,750 ML ,1,155.79,155.79,,,0,,,0,,room_temperature,FALSE,,TRUE,TRUE,,,
KIVI CRUSH,CRUSH ,BOTTLE,BOTTLE,1000 ML,1,332,332,,,2,,,0,,room_temperature,FALSE,,TRUE,TRUE,,,
KOKAM CRUSH,CRUSH ,BOTTLE,BOTTLE,750 ML,1,193.75,193.75,,,21,,,0,,room_temperature,FALSE,,TRUE,TRUE,,,
MANGO CRUSH,CRUSH ,BOTTLE,BOTTLE,750 ML,1,186,186,,,4,,,0,,room_temperature,FALSE,,TRUE,TRUE,,,
STRAWVERRY CRUSH,CRUSH ,BOTTLE,BOTTLE,750 ML,1,184.5,184.5,,,0,,,0,,room_temperature,FALSE,,TRUE,TRUE,,,
LITCHI CRUSH 1LTR 240/-,CRUSH ,BOTTLE,BOTTLE,1000 ML,1,196,196,,,0,,,0,,room_temperature,FALSE,,TRUE,TRUE,,,
REFINED OIL ,OIL ,TIN ,TIN ,15000 ML ,1,1900,1900,,BEST CHOICE ,18,,,0,,room_temperature,FALSE,,TRUE,TRUE,,,
MUSSTARD OIL ,OIL ,BOTTLE ,BOTTLE ,1000 ML ,1,166,166,,ENGINE ,70,,,0,,room_temperature,FALSE,,TRUE,TRUE,,,
OLIVE OIL  ,OIL ,BOTTLE ,BOTTLE ,1000 ML ,1,725,725,,BASSO ,9,,,0,,room_temperature,FALSE,,TRUE,TRUE,,,
GREEN OLIVE OIL ,OIL ,BOTTLE ,BOTTLE ,420 GM ,1,200,200,,FIGARO ,18,,,0,,room_temperature,FALSE,,TRUE,TRUE,,,
BLACK OLIVE OIL ,OIL ,BOTTLE ,BOTTLE ,420 GM ,1,200,200,,FIGARO ,10,,,0,,room_temperature,FALSE,,TRUE,TRUE,,,
SALAD OIL,OIL ,BOTTLE,BOTTLE,50 ML,1,122.7,122.7,,,0,,,0,,room_temperature,FALSE,,TRUE,TRUE,,,
GULAB JAL ,WATER ,BOTTLE ,BOTTLE ,500 ML ,1,65,65,,GOLDEN CROWN ,6,,,0,,room_temperature,FALSE,,TRUE,TRUE,,,
GULAB JAL ,WATER ,BOTTLE ,BOTTLE ,1000 ML ,1,90,90,,GOLDEN CROWN ,4,,,0,,room_temperature,FALSE,,TRUE,TRUE,,,
GULAB JAL ,WATER ,BOTTLE ,BOTTLE ,250 ML ,1,45,45,,GOLDEN CROWN ,0,,,0,,room_temperature,FALSE,,TRUE,TRUE,,,
KEWRA WATER ,WATER ,BOTTLE ,BOTTLE ,500 ML ,1,50,50,,GOLDEN CROWN ,19,,,0,,room_temperature,FALSE,,TRUE,TRUE,,,
VINEGAR ,WATER ,BOTTLE ,BOTTLE ,680 ML,1,35,35,,GOLDEN CROWN ,86,,,0,,room_temperature,FALSE,,TRUE,TRUE,,,
KEWRA WATER ,WATER ,BOTTLE ,BOTTLE ,250 ML ,1,50,50,,DABUR ,0,,,0,,room_temperature,FALSE,,TRUE,TRUE,,,
DAL MOONG MOGAR ,PULSES ,KG ,KG ,1000 GM ,1,96,96,,,570,,,0,,room_temperature,FALSE,,TRUE,TRUE,,,
DAL GREEN MOONG SABUT ,PULSES ,KG ,KG ,1000 GM ,1,89,89,,,9,,,0,,room_temperature,FALSE,,TRUE,TRUE,,,
DAL WHITE MUTTER  ,PULSES ,KG ,KG ,1000 GM ,1,43,43,,,134,,,0,,room_temperature,FALSE,,TRUE,TRUE,,,
DAL CHANNA ,PULSES ,KG ,KG ,1000 GM ,1,74,74,,,138,,,0,,room_temperature,FALSE,,TRUE,TRUE,,,
DAL RAJMA ,PULSES ,KG ,KG ,1000 GM ,1,118,118,,,257,,,0,,room_temperature,FALSE,,TRUE,TRUE,,,
DAL KALA URD CHILKA ,PULSES ,KG ,KG ,1000 GM ,1,99,99,,,128,,,0,,room_temperature,FALSE,,TRUE,TRUE,,,
DAL KALA URD SABUT ,PULSES ,KG ,KG ,1000 GM ,1,94,94,,,14,,,0,,room_temperature,FALSE,,TRUE,TRUE,,,
DAL TAUR  ,PULSES ,KG ,KG ,1000 GM ,1,105,105,,,715,,,0,,room_temperature,FALSE,,TRUE,TRUE,,,
BLACK CHANNA ,PULSES ,KG ,KG ,1000 GM ,1,60,60,,,150,,,0,,room_temperature,FALSE,,TRUE,TRUE,,,
DAL LOBIA ,PULSES ,KG ,KG ,1000 GM ,1,84,84,,,66,,,0,,room_temperature,FALSE,,TRUE,TRUE,,,
KABULI CHANNA ,PULSES ,KG ,KG ,1000 GM ,1,102,102,,,426,,,0,,room_temperature,FALSE,,TRUE,TRUE,,,
DAL ROASTED CHANNA  ,PULSES ,KG ,KG ,1000 GM ,1,89,89,,,70,,,0,,room_temperature,FALSE,,TRUE,TRUE,,,
DAL GREEN MOONG CHILKA ,PULSES ,KG ,KG ,1000 GM ,1,89,89,,,180,,,0,,room_temperature,FALSE,,TRUE,TRUE,,,
DAL RED MASUR  ,PULSES ,KG ,KG ,1000 GM ,1,72,72,,,210,,,0,,room_temperature,FALSE,,TRUE,TRUE,,,
DAL BLACK MASUR  ,PULSES ,KG ,KG ,1000 GM ,1,70,70,,,112,,,0,,room_temperature,FALSE,,TRUE,TRUE,,,
DAL WHITE URD  ,PULSES ,KG ,KG ,1000 GM ,1,102,102,,,248,,,0,,room_temperature,FALSE,,TRUE,TRUE,,,
CURRY POWDER ,PULSES ,JAR ,JAR ,500  GM ,1,495,495,,BOLTS ,0,,,0,,room_temperature,FALSE,,TRUE,TRUE,,,
OATS ,PULSES ,JAR ,JAR ,215,1,80,80,,SHANTIS ,39,,,0,,room_temperature,FALSE,,TRUE,TRUE,,,
KISMIS (RAISINS),PULSES ,KG ,KG ,1000 GM ,1,300,300,,,0.5,,,0,,room_temperature,FALSE,,TRUE,TRUE,,,
MATCH BOX ,PULSES ,PIECE ,PIECE ,PIECE ,1,1,1,,,600,,,0,,room_temperature,FALSE,,TRUE,TRUE,,,
PISTA CUTTING,PULSES ,PACKET,PACKET,1000 GM,1,780,780,,,0,,,0,,room_temperature,FALSE,,TRUE,TRUE,,,
PISTA ,PULSES ,KG ,KG ,1000 GM ,1,790,790,,,18,,,0,,room_temperature,FALSE,,TRUE,TRUE,,,
BADAM (ALOMD),PULSES ,KG ,KG ,1000 GM ,1,780,780,,,15,,,0,,room_temperature,FALSE,,TRUE,TRUE,,,
"AKHROTE
AKHROTE",PULSES ,KG,KG,1000GM,1,1034,1034,,,36.5,,,0,,room_temperature,FALSE,,TRUE,TRUE,,,
ENO 185MRP,PULSES ,BOTTLE ,BOTTLE ,100 GM ,1,170,170,,,0,,,0,,room_temperature,FALSE,,TRUE,TRUE,,,
NUTRELLA SPREAD,PULSES ,BOTTLE,BOTTLE,350 ML,1,350,350,,,1,,,0,,room_temperature,FALSE,,TRUE,TRUE,,,
NUTRELLA SPREAD,PULSES ,BOTTLE,BOTTLE,750 ML,1,632.43,632.43,,,0,,,0,,room_temperature,FALSE,,TRUE,TRUE,,,
DESI GHEE ,GHEE ,KG ,KG ,1000 GM ,1,500,500,,KSHEER,36,,,0,,room_temperature,FALSE,,TRUE,TRUE,,,
DALDA GHEE ,GHEE ,KG ,KG ,1000 GM ,1,140,140,,SCOTTER ,62,,,0,,room_temperature,FALSE,,TRUE,TRUE,,,
SILEVADA ,PAPAD ,KG ,KG ,1000 GM ,1,48,48,,CHETAK ,40,,,0,,room_temperature,FALSE,,TRUE,TRUE,,,
PAPAD ,PAPAD ,KG ,KG ,200 GM ,1,34,34,,VISHAL ,1080,,,0,,room_temperature,FALSE,,TRUE,TRUE,,,
JEERA PAPAD ,PAPAD ,KG ,KG ,500 GM ,1,43,43,,ZAKAS ,151,,,0,,room_temperature,FALSE,,TRUE,TRUE,,,
MADRASI PAPAD ,PAPAD ,KG ,KG ,90 GM ,1,20,20,,SRI MEENAKSHI TRADERS ,42,,,0,,room_temperature,FALSE,,TRUE,TRUE,,,
KHICHIYA PAPAD ,PAPAD ,KG ,KG ,1000 GM ,1,100,100,,,1,,,0,,room_temperature,FALSE,,TRUE,TRUE,,,
LIJJAT PAPAD,PAPAD ,KG,KG,1000 GM,1,340,340,,,32,,,0,,room_temperature,FALSE,,TRUE,TRUE,,,
COCONUT POWDER ,KITCHEN ,KG ,KG ,1000 GM ,1,288,288,,AMIRAS ,115,,,0,,room_temperature,FALSE,,TRUE,TRUE,,,
NOODLES ,KITCHEN ,KG ,KG ,800 GM ,1,56.25,56.25,,GOLDEN CROWN ,96,,,0,,room_temperature,FALSE,,TRUE,TRUE,,,
VERMICELLI ,KITCHEN ,KG ,KG ,800 GM ,1,80.75,80.75,,BAMBINO ,189,,,0,,room_temperature,FALSE,,TRUE,TRUE,,,
WHITE DALIA ,KITCHEN ,KG ,KG ,1000 GM ,1,40,40,,JAGDISH ,77,,,0,,room_temperature,FALSE,,TRUE,TRUE,,,
POHA ,KITCHEN ,KG ,KG ,1000 GM ,1,52,52,,TAPARIA ,46,,,0,,room_temperature,FALSE,,TRUE,TRUE,,,
SEV MOTA ,KITCHEN ,KG ,KG ,1000 GM ,1,200,200,,,35,,,0,,room_temperature,FALSE,,TRUE,TRUE,,,
SEV BARIK ,KITCHEN ,KG ,KG ,1000 GM ,1,210,210,,,5,,,0,,room_temperature,FALSE,,TRUE,TRUE,,,
CUSTARD POWDER ,KITCHEN ,KG ,KG ,1000 GM ,1,95,95,,BUTTER FLY ,40,,,0,,room_temperature,FALSE,,TRUE,TRUE,,,
PEANUT ,KITCHEN ,KG ,KG ,1000 GM ,1,91.64,91.64,,,22,,,0,,room_temperature,FALSE,,TRUE,TRUE,,,
SOYA BEAN BADI ,KITCHEN ,KG ,KG ,1000 GM ,1,61.5,61.5,,RUCHI ,165,,,0,,room_temperature,FALSE,,TRUE,TRUE,,,
MOONG BADI ,KITCHEN ,KG ,KG ,1000 GM ,1,125,125,,MAMTA ,40,,,0,,room_temperature,FALSE,,TRUE,TRUE,,,
MAGAJ,KITCHEN ,KG ,KG ,1000 GM ,1,465,465,,ASHOK INDUSTRIES ,100,,,0,,room_temperature,FALSE,,TRUE,TRUE,,,
SUJI ,KITCHEN ,KG ,KG ,1000 GM ,1,45,45,,TAPARIA ,90,,,0,,room_temperature,FALSE,,TRUE,TRUE,,,
ITLI RAWA ,KITCHEN ,KG ,KG ,1000 GM ,1,40,40,,,169,,,0,,room_temperature,FALSE,,TRUE,TRUE,,,
IMLI ,KITCHEN ,KG ,KG ,1000 GM ,1,125,125,,,20,,,0,,room_temperature,FALSE,,TRUE,TRUE,,,
PANI PURI  ,KITCHEN ,KG ,KG ,1000 GM ,1,95,95,,AMAZING ,3,,,0,,room_temperature,FALSE,,TRUE,TRUE,,,
GULAB JAMUN POWDER ,KITCHEN ,KG ,KG ,200 GM ,1,107,107,,GITS ,265,,,0,,room_temperature,FALSE,,TRUE,TRUE,,,
AJINOMOTO ,KITCHEN ,KG ,KG ,500 GM ,1,90,90,,GOLDEN CROWN ,53,,,0,,room_temperature,FALSE,,TRUE,TRUE,,,
SPAGHETTI ,KITCHEN ,KG,KG,500 GM ,1,65,65,,GOLDEN CROWN ,32,,,0,,room_temperature,FALSE,,TRUE,TRUE,,,
PASTA LASANIYA,KITCHEN ,PACKET,PACKET,500 GM,1,250,250,,,15,,,0,,room_temperature,FALSE,,TRUE,TRUE,,,
PASTA PENNE  ,KITCHEN ,PACKET,PACKET,500 GM,1,120,120,,,16,,,0,,room_temperature,FALSE,,TRUE,TRUE,,,
PASTA MACRONI  ,KITCHEN ,PACKET,PACKET,500 GM,1,83.61,83.61,,,14,,,0,,room_temperature,FALSE,,TRUE,TRUE,,,
PASTA PENNE  ,KITCHEN ,KG ,KG ,1000 GM ,1,58,58,,ZILLI MILLI ,12,,,0,,room_temperature,FALSE,,TRUE,TRUE,,,
PASTA MACRONI  ,KITCHEN ,KG ,KG ,1000 GM ,1,58,58,,ZILLI MILLI ,0,,,0,,room_temperature,FALSE,,TRUE,TRUE,,,
GUR (JAGGERY),KITCHEN ,KG ,KG ,1000 GM ,1,42.97,42.97,,,50,,,0,,room_temperature,FALSE,,TRUE,TRUE,,,
BAKING POWDER ,KITCHEN ,KG ,KG ,400 GM ,1,48.14,48.14,,WEIKFIELD ,25,,,0,,room_temperature,FALSE,,TRUE,TRUE,,,
MURMURA ,KITCHEN ,KG ,KG ,500 GM ,1,37.15,37.15,,,33,,,0,,room_temperature,FALSE,,TRUE,TRUE,,,
SABUDANA ,KITCHEN ,KG ,KG ,500 GM ,1,36.5,36.5,,,233,,,0,,room_temperature,FALSE,,TRUE,TRUE,,,
COFFEE POWDER 500 GRM,KITCHEN ,PACKET,PACKET,500 GM ,1,1779,1779,,,1,,,0,,room_temperature,FALSE,,TRUE,TRUE,,,
COFFEE ESSPRESSO BLEND ,KITCHEN ,KG,KG,1000 GM,1,1509,1509,,,0,,,0,,room_temperature,FALSE,,TRUE,TRUE,,,
COFFEE,KITCHEN ,KG,KG,1000 GM,1,660.69,660.69,,LAVAZZA,17,,,0,,room_temperature,FALSE,,TRUE,TRUE,,,
COFFEE ,KITCHEN ,KG ,KG ,1000 GM,1,1036,1036,,TATA ,8,,,0,,room_temperature,FALSE,,TRUE,TRUE,,,
TEA LAL GHODA ,KITCHEN ,KG ,KG ,1000 GM ,1,277,277,,TATA ,91,,,0,,room_temperature,FALSE,,TRUE,TRUE,,,
MAGGI ,KITCHEN ,PACKET ,PACKET ,1680 GM ,1,310,310,,MAGGI ,18,,,0,,room_temperature,FALSE,,TRUE,TRUE,,,
KHAMAN DHOKLA ,KITCHEN ,PACKET ,PACKET ,1000 GM ,1,195,195,,GANPATI ,55,,,0,,room_temperature,FALSE,,TRUE,TRUE,,,
KAJU SOORA,KITCHEN ,KG,KG,1000 GM,1,450,450,,,0,,,0,,room_temperature,FALSE,,TRUE,TRUE,,,
KAJU TUKDA ,KITCHEN ,KG,KG,1000 GM ,1,822,822,,,34,,,0,,room_temperature,FALSE,,TRUE,TRUE,,,
KAJU WHOLE ,KITCHEN ,KG,KG,1000 GM ,1,826,826,,,9.25,,,0,,room_temperature,FALSE,,TRUE,TRUE,,,
GREEN ELAICHI ,KITCHEN ,KG,KG,100 GM ,1,3200,3200,,,,,,0,,room_temperature,FALSE,,TRUE,TRUE,,,
COCONUT WATER ,KITCHEN ,PIECES,PIECES,PC,1,23.63,23.63,,,0,,,0,,room_temperature,FALSE,,TRUE,TRUE,,,
FOOD COLOR ,KITCHEN ,TIN ,TIN ,100 GM ,1,80,80,,BUSH ,65,,,0,,room_temperature,FALSE,,TRUE,TRUE,,,
BOURN VITA ,KITCHEN ,KG ,KG ,1000 GM ,1,410,410,,CADBURY ,2,,,0,,room_temperature,FALSE,,TRUE,TRUE,,,
GARLIC ,KITCHEN ,KG ,KG ,1000 GM,1,76,76,,,110,,,0,,room_temperature,FALSE,,TRUE,TRUE,,,
GREEN PEAS ,KITCHEN ,KG ,KG ,5000 GM ,1,450,450,,,54,,,0,,room_temperature,FALSE,,TRUE,TRUE,,,
FRENCH FRY ,KITCHEN ,KG ,KG ,2500 GM ,1,310,310,,,23,,,0,,room_temperature,FALSE,,TRUE,TRUE,,,
SAUNF,KITCHEN ,KG ,KG ,1000 GM ,1,345.71,345.71,,,67,,,0,,room_temperature,FALSE,,TRUE,TRUE,,,
FRENCH FRY ,KITCHEN ,KG ,KG ,3000 GM ,1,396,396,,,0,,,0,,room_temperature,FALSE,,TRUE,TRUE,,,
CORN FLAKES ,KITCHEN ,PACKET ,PACKET ,500 GM ,1,54.8,54.8,,SHANTIS ,213,,,0,,room_temperature,FALSE,,TRUE,TRUE,,,
HONEY ,KITCHEN ,BOTTLE ,BOTTLE ,1000 GM ,1,343,343,,PATANJALI ,24,,,0,,room_temperature,FALSE,,TRUE,TRUE,,,
AMERICAN CORN ,KITCHEN ,PACKET ,PACKET ,1000 GM ,1,75,75,,FRESH O GREEN ,108,,,0,,room_temperature,FALSE,,TRUE,TRUE,,,
CHILLI FLAKES ,KITCHEN ,KG ,KG ,1000 GM ,1,400,400,,VIVA ,2,,,0,,room_temperature,FALSE,,TRUE,TRUE,,,
OREGANO ,KITCHEN ,KG ,KG ,1000 GM ,1,350,350,,VIVA,1.5,,,0,,room_temperature,FALSE,,TRUE,TRUE,,,
LAUNG (CLOVE) ,KITCHEN ,KG ,KG ,1000 GM ,1,825,825,,,,,,0,,room_temperature,FALSE,,TRUE,TRUE,,,
TUTIT FRUTTI,KITCHEN ,KG ,KG ,400 GM ,1,33,33,,,49,,,0,,room_temperature,FALSE,,TRUE,TRUE,,,
CHOCO FLAKES ,KITCHEN ,PACKET ,PACKET ,375 GM,1,115.15,115.15,,SHANTIS,0,,,0,,room_temperature,FALSE,,TRUE,TRUE,,,
TOOTH PICK,KITCHEN ,BOTTLE ,BOTTLE ,.50 GM,1,8.8,8.8,,SILVER,850,,,0,,room_temperature,FALSE,,TRUE,TRUE,,,
TAHINA PASTE 1KG,KITCHEN ,TIN ,TIN ,1000 GM,1,890,890,,,2,,,0,,room_temperature,FALSE,,TRUE,TRUE,,,
AMSUR POWDER,KITCHEN ,KG,KG,1000 GM,1,194.95,194.95,,,,,,0,,room_temperature,FALSE,,TRUE,TRUE,,,
BAKED BEANS 440GM,KITCHEN ,KG,KG,440 GM,1,46.2,46.2,,,141,,,0,,room_temperature,FALSE,,TRUE,TRUE,,,
BREAD CRUMS,KITCHEN ,PACKET,PACKET,1000 GM,1,125,125,,,1,,,0,,room_temperature,FALSE,,TRUE,TRUE,,,
CHOCOLATE TOPPING 1LTR,KITCHEN ,BOTTLE ,BOTTLE ,1000 ML,1,238,238,,,4,,,0,,room_temperature,FALSE,,TRUE,TRUE,,,
"COOKING SODA
COOKING SODA",KITCHEN ,PACKET,PACKET,100 GM ,1,10,10,,,0,,,0,,room_temperature,FALSE,,TRUE,TRUE,,,
GARLIC POWDER 4 225MRP,KITCHEN ,PACKET,PACKET,400 GM ,1,191.25,191.25,,,0,,,0,,room_temperature,FALSE,,TRUE,TRUE,,,
GURD,KITCHEN ,KG,KG,1000 GM,1,240,240,,,,,,0,,room_temperature,FALSE,,TRUE,TRUE,,,
HERSHEY SYRUP CHOCOLATE,KITCHEN ,BOTTLE,BOTTLE,,1,186.85,186.85,,,5,,,0,,room_temperature,FALSE,,TRUE,TRUE,,,
JALEPENO SLICE 850G HABIT JAR,KITCHEN ,JAR,JAR,850 GM,1,101.25,101.25,,,10,,,0,,room_temperature,FALSE,,TRUE,TRUE,,,
JAL JEERA POWDER,KITCHEN ,PACKET,PACKET,,1,126.26,126.26,,,10,,,0,,room_temperature,FALSE,,TRUE,TRUE,,,
KER,KITCHEN ,KG,KG,1000 GM,1,932,932,,,2,,,0,,room_temperature,FALSE,,TRUE,TRUE,,,
SANGARI,KITCHEN ,KG,KG,1000 GM,1,798,798,,,4.5,,,0,,room_temperature,FALSE,,TRUE,TRUE,,,
KERY PUDINA,KITCHEN ,BOTTLE,BOTTLE,1000 GM,1,242.25,242.25,,,38,,,0,,room_temperature,FALSE,,TRUE,TRUE,,,
KESAR,KITCHEN ,PACKET,PACKET,1 GM,1,128,128,,,8,,,0,,room_temperature,FALSE,,TRUE,TRUE,,,
WHITE TIL,KITCHEN ,PACKET,PACKET,1000 GM,1,72,72,,,3.5,,,0,,room_temperature,FALSE,,TRUE,TRUE,,,
TEA BAGS POUCH 100,ROOM SUPPLY ,PACKET ,PACKET ,,1,1.60,1.60,,TETLEY ,0,,,0,,room_temperature,FALSE,,TRUE,TRUE,,,
TEA BAGS POUCH 200,ROOM SUPPLY ,PACKET ,PACKET ,,1,305.00,305.00,,TETLEY ,10,,,0,,room_temperature,FALSE,,TRUE,TRUE,,,
GREEN BAGS POUCH 25,ROOM SUPPLY ,PACKET ,PACKET ,,1,161.50,161.50,,TETLEY ,1,,,0,,room_temperature,FALSE,,TRUE,TRUE,,,
COFFEE POUCH 144,ROOM SUPPLY ,PACKET ,PACKET ,,1,267.84,267.84,,NESCAFE ,20,,,0,,room_temperature,FALSE,,TRUE,TRUE,,,
MILK POWDER POUCH 120,ROOM SUPPLY ,PACKET ,PACKET ,,1,364.00,364.00,,AMUL ,2,,,0,,room_temperature,FALSE,,TRUE,TRUE,,,
MILK POWDER POUCH 150,ROOM SUPPLY ,PACKET ,PACKET ,,1,375.00,375.00,,EVERY DAY ,33,,,0,,room_temperature,FALSE,,TRUE,TRUE,,,
SUGAR POUCH 200,ROOM SUPPLY ,PACKET ,PACKET ,,1,115.5,115.5,,JYOT ,120,,,0,,room_temperature,FALSE,,TRUE,TRUE,,,
CHILLI FLAKES SACHET 225MRP,ROOM SUPPLY ,PACKET,PACKET,,1,120,120,,,1,,,0,,room_temperature,FALSE,,TRUE,TRUE,,,
SLIPPER ,ROOM SUPPLY ,PACKET ,PACKET ,,1,34.45,34.45,,,2000,,,0,,room_temperature,FALSE,,TRUE,TRUE,,,
BODY WASH ,ROOM SUPPLY ,PACKET ,PACKET ,,1,8.85,8.85,,,0,,,0,,room_temperature,FALSE,,TRUE,TRUE,,,
LOTION ,ROOM SUPPLY ,PACKET ,PACKET ,,1,8.85,8.85,,,0,,,0,,room_temperature,FALSE,,TRUE,TRUE,,,
SHAMPOO,ROOM SUPPLY ,PACKET ,PACKET ,,1,8.85,8.85,,,0,,,0,,room_temperature,FALSE,,TRUE,TRUE,,,
HAIR OIL ,ROOM SUPPLY ,PACKET ,PACKET ,,1,0.85,0.85,,,1700,,,0,,room_temperature,FALSE,,TRUE,TRUE,,,
SHOWER CAP ,ROOM SUPPLY ,PACKET ,PACKET ,,1,3.85,3.85,,,400,,,0,,room_temperature,FALSE,,TRUE,TRUE,,,
CARE KIT ,ROOM SUPPLY ,PACKET ,PACKET ,,1,4.42,4.42,,,100,,,0,,room_temperature,FALSE,,TRUE,TRUE,,,
GLASS COASTER ,ROOM SUPPLY ,PACKET ,PACKET ,,1,1.77,1.77,,,9196,,,0,,room_temperature,FALSE,,TRUE,TRUE,,,
DOLLY PAPER ,ROOM SUPPLY ,PACKET ,PACKET ,,1,16,16,,,362,,,0,,room_temperature,FALSE,,TRUE,TRUE,,,
GLASS COVER ,ROOM SUPPLY ,PACKET ,PACKET ,,1,6,6,,,0,,,0,,room_temperature,FALSE,,TRUE,TRUE,,,
SHOE SHINE ,ROOM SUPPLY ,PACKET ,PACKET ,,1,7,7,,,1700,,,0,,room_temperature,FALSE,,TRUE,TRUE,,,
DISPOSAL BAG ,ROOM SUPPLY ,PACKET ,PACKET ,,1,7,7,,,500,,,0,,room_temperature,FALSE,,TRUE,TRUE,,,
CHOCOLATE BOX,ROOM SUPPLY ,PACKET ,PACKET ,,1,98,98,,,2,,,0,,room_temperature,FALSE,,TRUE,TRUE,,,
OREGANO SPICE MIX SCHET,ROOM SUPPLY ,PACKET ,PACKET ,,1,120,120,,,2,,,0,,room_temperature,FALSE,,TRUE,TRUE,,,
9 V BATTERY,HOUSE KEEPING,PIECE ,PIECE ,,1,180.00,180.00,,,100,,,0,,room_temperature,FALSE,,TRUE,TRUE,,,
AA CELL,HOUSE KEEPING,PIECE ,PIECE ,,1,5.50,5.50,,,138,,,0,,room_temperature,FALSE,,TRUE,TRUE,,,
AA DURO CELL,HOUSE KEEPING,PIECE ,PIECE ,,1,36.39,36.39,,,,,,0,,room_temperature,FALSE,,TRUE,TRUE,,,
AAA CELL,HOUSE KEEPING,PIECE ,PIECE ,,1,5.00,5.00,,,115,,,0,,room_temperature,FALSE,,TRUE,TRUE,,,
AGARBATTI,HOUSE KEEPING,PACKET,PACKET,,1,40.00,40.00,,,0,,,0,,room_temperature,FALSE,,TRUE,TRUE,,,
ALL OUT MACHINE,HOUSE KEEPING,PIECE ,PIECE ,,1,80.00,80.00,,,0,,,0,,room_temperature,FALSE,,TRUE,TRUE,,,
ALL OUT REFIL,HOUSE KEEPING,PIECE ,PIECE ,,1,55.00,55.00,,,0,,,0,,room_temperature,FALSE,,TRUE,TRUE,,,
ALL PURPOSE KIT,HOUSE KEEPING,PIECE ,PIECE ,,1,3.54,3.54,,,2933,,,0,,room_temperature,FALSE,,TRUE,TRUE,,,
BLEACHING POWDER,HOUSE KEEPING,KG,KG,,1,51.00,51.00,,,150,,,0,,room_temperature,FALSE,,TRUE,TRUE,,,
BODY WASH,HOUSE KEEPING,PIECE ,PIECE ,,1,8.85,8.85,,,,,,0,,room_temperature,FALSE,,TRUE,TRUE,,,
BODYWASH ,HOUSE KEEPING,LTR,LTR,5000 ML,1,180.09,180.09,,,30,,,0,,room_temperature,FALSE,,TRUE,TRUE,,,
BROOM DANDA,HOUSE KEEPING,PIECE ,PIECE ,,1,428.57,428.57,,,3,,,0,,room_temperature,FALSE,,TRUE,TRUE,,,
BROOM PHOOL,HOUSE KEEPING,PIECE ,PIECE ,,1,70.00,70.00,,,59,,,0,,room_temperature,FALSE,,TRUE,TRUE,,,
COMB,HOUSE KEEPING,PIECE ,PIECE ,,1,5.12,5.12,,,8683,,,0,,room_temperature,FALSE,,TRUE,TRUE,,,
COSTER,HOUSE KEEPING,PIECE ,PIECE ,,1,1.70,1.70,,,,,,0,,room_temperature,FALSE,,TRUE,TRUE,,,
COTTAN SILIPER,HOUSE KEEPING,PAIR,PAIR,,1,30.54,30.54,,,,,,0,,room_temperature,FALSE,,TRUE,TRUE,,,
COULAR PATTI,HOUSE KEEPING,PIECE ,PIECE ,,1,70.00,70.00,,,12,,,0,,room_temperature,FALSE,,TRUE,TRUE,,,
DENTAL KIT,HOUSE KEEPING,PIECE ,PIECE ,,1,10.58,10.58,,,1600,,,0,,room_temperature,FALSE,,TRUE,TRUE,,,
DETTOL SOAP,HOUSE KEEPING,PIECE ,PIECE ,,1,8.89,8.89,,,400,,,0,,room_temperature,FALSE,,TRUE,TRUE,,,
DHAGA,HOUSE KEEPING,PKT,PKT,,1,80.00,80.00,,,24,,,0,,room_temperature,FALSE,,TRUE,TRUE,,,
DND CARD,HOUSE KEEPING,PIECE ,PIECE ,,1,10.03,10.03,,,1846,,,0,,room_temperature,FALSE,,TRUE,TRUE,,,
DRAWING PIN1*10NOS,HOUSE KEEPING,PACKET,PACKET,,1,110.25,110.25,,,6,,,0,,room_temperature,FALSE,,TRUE,TRUE,,,
DRY MOP,HOUSE KEEPING,PIECE ,PIECE ,,1,220.80,220.80,,,85,,,0,,room_temperature,FALSE,,TRUE,TRUE,,,
DURO D2 CELL,HOUSE KEEPING,PIECE ,PIECE ,,1,162.50,162.50,,,42,,,0,,room_temperature,FALSE,,TRUE,TRUE,,,
DUSTBIN 120 LTR,HOUSE KEEPING,PIECE ,PIECE ,,1,2250.00,2250.00,,,,,,0,,room_temperature,FALSE,,TRUE,TRUE,,,
DUSTER WHITE,HOUSE KEEPING,PIECE ,PIECE ,,1,11.30,11.30,,,554,,,0,,room_temperature,FALSE,,TRUE,TRUE,,,
ELECTRIC BAT,HOUSE KEEPING,PIECE ,PIECE ,,1,475.00,475.00,,,1,,,0,,room_temperature,FALSE,,TRUE,TRUE,,,
EXL BAR SOAP ,HOUSE KEEPING,PIECE ,PIECE ,,1,8.71,8.71,,,840,,,0,,room_temperature,FALSE,,TRUE,TRUE,,,
FINAYAL,HOUSE KEEPING,LTR,LTR,5000 ML,1,27.14,27.14,,,10,,,0,,room_temperature,FALSE,,TRUE,TRUE,,,
GARBEGE BAGS  ( ALL ),HOUSE KEEPING,KG,KG,1000 GM,1,123.90,123.90,,,800,,,0,,room_temperature,FALSE,,TRUE,TRUE,,,
HAIR OIL,HOUSE KEEPING,PKT,PKT,100 PC,1,85.00,85.00,,,,,,0,,room_temperature,FALSE,,TRUE,TRUE,,,
HAND GLOVES ,HOUSE KEEPING,PKT,PKT,100 PC,1,27.97,27.97,,,900,,,0,,room_temperature,FALSE,,TRUE,TRUE,,,
HANDWASH ,HOUSE KEEPING,LTR,LTR,5000 ML,1,180.09,180.09,,,40,,,0,,room_temperature,FALSE,,TRUE,TRUE,,,
HANDWASH ,HOUSE KEEPING,LTR,LTR,5000 ML,1,36.00,36.00,,,,,,0,,room_temperature,FALSE,,TRUE,TRUE,,,
KAPOOR GOLI,HOUSE KEEPING,PKT,PKT,1000 GM,1,116.00,116.00,,,27,,,0,,room_temperature,FALSE,,TRUE,TRUE,,,
KER KIT,HOUSE KEEPING,PIECE ,PIECE ,,1,5.80,5.80,,,,,,0,,room_temperature,FALSE,,TRUE,TRUE,,,
KOT ROLL,HOUSE KEEPING,ROL,ROL,,1,65.00,65.00,,,213,,,0,,room_temperature,FALSE,,TRUE,TRUE,,,
LAKEJ TAG,HOUSE KEEPING,PIECE ,PIECE ,,1,2.12,2.12,,,1250,,,0,,room_temperature,FALSE,,TRUE,TRUE,,,
LAUNDRY BAG SITE,HOUSE KEEPING,PIECE ,PIECE ,,1,30.00,30.00,,,72,,,0,,room_temperature,FALSE,,TRUE,TRUE,,,
LAUNDRY BAG H.K.I,HOUSE KEEPING,PIECE ,PIECE ,,1,9.44,9.44,,,1900,,,0,,room_temperature,FALSE,,TRUE,TRUE,,,
LEMON SOAP WITH KI LOGO,HOUSE KEEPING,PIECE ,PIECE ,,1,4.72,4.72,,,5000,,,0,,room_temperature,FALSE,,TRUE,TRUE,,,
LOCK,HOUSE KEEPING,PIECE ,PIECE ,,1,30.00,30.00,,,0,,,0,,room_temperature,FALSE,,TRUE,TRUE,,,
LUX SOAP,HOUSE KEEPING,PIECE ,PIECE ,,1,8.51,8.51,,,1944,,,0,,room_temperature,FALSE,,TRUE,TRUE,,,
MATCH PC,HOUSE KEEPING,PIECE ,PIECE ,,1,0.75,0.75,,,,,,0,,room_temperature,FALSE,,TRUE,TRUE,,,
ODONIL,HOUSE KEEPING,PIECE ,PIECE ,,1,25.51,25.51,,,1617,,,0,,room_temperature,FALSE,,TRUE,TRUE,,,
PCI HIT,HOUSE KEEPING,PIECE ,PIECE ,,1,115.69,115.69,,,34,,,0,,room_temperature,FALSE,,TRUE,TRUE,,,
PEARS SOAP ,HOUSE KEEPING,PIECE ,PIECE ,,1,19.62,19.62,,,1440,,,0,,room_temperature,FALSE,,TRUE,TRUE,,,
REVA SENSE 5LTR,HOUSE KEEPING,LTR,LTR,5000 LTR,1,165.20,165.20,,,90,,,0,,room_temperature,FALSE,,TRUE,TRUE,,,
RING RABAR,HOUSE KEEPING,KG,KG,1000 GM,1,200.00,200.00,,,1,,,0,,room_temperature,FALSE,,TRUE,TRUE,,,
ROOM SPRAY,HOUSE KEEPING,PIECE ,PIECE ,,1,114.13,114.13,,,96,,,0,,room_temperature,FALSE,,TRUE,TRUE,,,
SHAMPOO ,HOUSE KEEPING,BOTTLE,BOTTLE,380 ML,1,152.57,152.57,,,0,,,0,,room_temperature,FALSE,,TRUE,TRUE,,,
SHAMPOO ,HOUSE KEEPING,LTR,LTR,5000 ML,1,180.09,180.09,,,85,,,0,,room_temperature,FALSE,,TRUE,TRUE,,,
SHAMPOO CLINIC PLUS ,HOUSE KEEPING,POUCH ,POUCH ,,1,0.73,0.73,,,960,,,0,,room_temperature,FALSE,,TRUE,TRUE,,,
SHAVING KIT (RAZOR & CREAM),HOUSE KEEPING,PACKET ,PACKET ,,1,13.57,13.57,,,1400,,,0,,room_temperature,FALSE,,TRUE,TRUE,,,
DENTAL KIT (PASTE & BRUSH),HOUSE KEEPING,PACKET ,PACKET ,,1,11.8,11.8,,,,,,0,,room_temperature,FALSE,,TRUE,TRUE,,,
SHOE SHINE,HOUSE KEEPING,PIECE ,PIECE ,,1,6.49,6.49,,,,,,0,,room_temperature,FALSE,,TRUE,TRUE,,,
SHOWER CAP,HOUSE KEEPING,PACKET,PACKET,,1,4.53,4.53,,,,,,0,,room_temperature,FALSE,,TRUE,TRUE,,,
SKIN LOTION ,HOUSE KEEPING,LTR,LTR,5000 ML,1,180.09,180.09,,,65,,,0,,room_temperature,FALSE,,TRUE,TRUE,,,
STEEL WOOL ROLL ,HOUSE KEEPING,ROL,ROL,5000 GM,1,1416.00,1416.00,,,0,,,0,,room_temperature,FALSE,,TRUE,TRUE,,,
STICK MOP,HOUSE KEEPING,PIECE ,PIECE ,,1,153.40,153.40,,,0,,,0,,room_temperature,FALSE,,TRUE,TRUE,,,
SU SHAYNER,HOUSE KEEPING,PIECE ,PIECE ,,1,6.49,6.49,,,,,,0,,room_temperature,FALSE,,TRUE,TRUE,,,
SURF EXCEL ,HOUSE KEEPING,KG ,KG ,1000 GM,1,118.47,118.47,,,0,,,0,,room_temperature,FALSE,,TRUE,TRUE,,,
SURF EXCEL ,HOUSE KEEPING,PKT,PKT,750 GM,1,80.97,80.97,,,152,,,0,,room_temperature,FALSE,,TRUE,TRUE,,,
SURF EXCEL ,HOUSE KEEPING,PKT,PKT,500,1,58,58,,,0,,,0,,room_temperature,FALSE,,TRUE,TRUE,,,
TASKI EMRAIL,HOUSE KEEPING,CAN,CAN,5000 ML,1,157.88,157.88,,,20,,,0,,room_temperature,FALSE,,TRUE,TRUE,,,
TASKI H 100,HOUSE KEEPING,CAN,CAN,5000 ML,1,187.85,187.85,,,0,,,0,,room_temperature,FALSE,,TRUE,TRUE,,,
TASKI MACHINE PAID,HOUSE KEEPING,UNI,UNI,,1,491.33,491.33,,,19,,,0,,room_temperature,FALSE,,TRUE,TRUE,,,
TASKI NOBILE PLUS,HOUSE KEEPING,CAN,CAN,5000 ML,1,1825.46,1825.46,,,0,,,0,,room_temperature,FALSE,,TRUE,TRUE,,,
TASKI R-1,HOUSE KEEPING,CTN,CTN,5000 ML,1,215.48,215.48,,,125,,,0,,room_temperature,FALSE,,TRUE,TRUE,,,
TASKI R-2,HOUSE KEEPING,CTN,CTN,5000 ML,1,182.39,182.39,,,20,,,0,,room_temperature,FALSE,,TRUE,TRUE,,,
TASKI R-3,HOUSE KEEPING,CTN,CTN,5000 ML,1,249.03,249.03,,,40,,,0,,room_temperature,FALSE,,TRUE,TRUE,,,
TASKI R-4,HOUSE KEEPING,CTN,CTN,5000 ML,1,349.23,349.23,,,40,,,0,,room_temperature,FALSE,,TRUE,TRUE,,,
TASKI R-5,HOUSE KEEPING,CTN,CTN,5000 ML,1,183.48,183.48,,,75,,,0,,room_temperature,FALSE,,TRUE,TRUE,,,
TASKI R-6,HOUSE KEEPING,CTN,CTN,5000 ML,1,130.11,130.11,,,10,,,0,,room_temperature,FALSE,,TRUE,TRUE,,,
TASKI R-7,HOUSE KEEPING,CTN,CTN,5000 ML,1,100.84,100.84,,,85,,,0,,room_temperature,FALSE,,TRUE,TRUE,,,
TASKI R-9,HOUSE KEEPING,CTN,CTN,5000 ML,1,190.72,190.72,,,75,,,0,,room_temperature,FALSE,,TRUE,TRUE,,,
TASKI R6 500ML,HOUSE KEEPING,UNI,UNI,500 ML,1,63.23,63.23,,,48,,,0,,room_temperature,FALSE,,TRUE,TRUE,,,
TASKI SUMA D7.1,HOUSE KEEPING,LTR,LTR,5000 ML,1,298.17,298.17,,,40,,,0,,room_temperature,FALSE,,TRUE,TRUE,,,
TASKI SUMA DRAIN,HOUSE KEEPING,CTN,CTN,5000 ML,1,159.35,159.35,,,40,,,0,,room_temperature,FALSE,,TRUE,TRUE,,,
TASKI SUMA GRILL D9,HOUSE KEEPING,LTR,LTR,5000 ML,1,284.84,284.84,,,35,,,0,,room_temperature,FALSE,,TRUE,TRUE,,,
TASKI SUMA MULTI,HOUSE KEEPING,LTR,LTR,5000 ML,1,96.68,96.68,,,0,,,0,,room_temperature,FALSE,,TRUE,TRUE,,,
TASKI SUMA SELECT ,HOUSE KEEPING,LTR,LTR,25 LTR,1,417.34,417.34,,,0,,,0,,room_temperature,FALSE,,TRUE,TRUE,,,
TASKI SUMA ULTRA,HOUSE KEEPING,LTR,LTR,5000 ML,1,517.90,517.90,,,0,,,0,,room_temperature,FALSE,,TRUE,TRUE,,,
TASKI TERRANOVA,HOUSE KEEPING,LTR,LTR,,1,437.42,437.42,,,50,,,0,,room_temperature,FALSE,,TRUE,TRUE,,,
TASKI URINAL SCREEN,HOUSE KEEPING,UNI,UNI,,1,448.06,448.06,,,16,,,0,,room_temperature,FALSE,,TRUE,TRUE,,,
SCRUB PAD,HOUSE KEEPING,PKT,PKT,,1,23.00,23.00,,,1630,,,0,,room_temperature,FALSE,,TRUE,TRUE,,,
TASKI SUMA DATE,HOUSE KEEPING,CTN,CTN,5000 ML,1,128.27,128.27,,,65,,,0,,room_temperature,FALSE,,TRUE,TRUE,,,
WC- BAND,HOUSE KEEPING,PIECE ,PIECE ,,1,0.71,0.71,,,1800,,,0,,room_temperature,FALSE,,TRUE,TRUE,,,
WIPPER BIG,HOUSE KEEPING,PIECE ,PIECE ,,1,177.00,177.00,,,60,,,0,,room_temperature,FALSE,,TRUE,TRUE,,,
WIPPER SMALL,HOUSE KEEPING,PIECE ,PIECE ,,1,141.60,141.60,,,112,,,0,,room_temperature,FALSE,,TRUE,TRUE,,,
W/C BRUSH,HOUSE KEEPING,PIECE ,PIECE ,,1,88.84,88.84,,,58,,,0,,room_temperature,FALSE,,TRUE,TRUE,,,
TASKI SUMA DIP -K1,HOUSE KEEPING,LTR,LTR,5000 ML,1,204.93,204.93,,,50,,,0,,room_temperature,FALSE,,TRUE,TRUE,,,
VIM BAR,HOUSE KEEPING,PKT,PKT,,1,9.35,9.35,,,431,,,0,,room_temperature,FALSE,,TRUE,TRUE,,,
WC BEND ,HOUSE KEEPING,PACKET ,PACKET ,,1,0.82,0.82,,,,,,0,,room_temperature,FALSE,,TRUE,TRUE,,,
CAUSTIC POWDER,HOUSE KEEPING,KG,KG,,1,52.41,52.41,,,150,,,0,,room_temperature,FALSE,,TRUE,TRUE,,,
TASKI 100 L CRYSTAL,HOUSE KEEPING,KG,KG,,1,274.27,274.27,,,0,,,0,,room_temperature,FALSE,,TRUE,TRUE,,,
TASKI ACTION POWDER,HOUSE KEEPING,KG,KG,,1,314.70,314.70,,,125,,,0,,room_temperature,FALSE,,TRUE,TRUE,,,
TASKI EXTRA SOFT,HOUSE KEEPING,CAN,CAN,5000 ML,1,250.00,250.00,,,40,,,0,,room_temperature,FALSE,,TRUE,TRUE,,,
TASKI HYPO,HOUSE KEEPING,LTR,LTR,50 LTR,1,65.07,65.07,,,50,,,0,,room_temperature,FALSE,,TRUE,TRUE,,,
TASKI SUPRIME POWDER,HOUSE KEEPING,KG,KG,25,1,248.43,248.43,,,150,,,0,,room_temperature,FALSE,,TRUE,TRUE,,,
TASKI-200S,HOUSE KEEPING,CAN,CAN,,1,592.70,592.70,,,105,,,0,,room_temperature,FALSE,,TRUE,TRUE,,,
BUTTER PAPER ROLL,DISPOSAL ,ROLL,ROLL,,1,155,155,,,50,,,0,,room_temperature,FALSE,,TRUE,TRUE,,,
C FOLD PAPER ,DISPOSAL ,PACKET ,PACKET ,,1,34,34,,,1248,,,0,,room_temperature,FALSE,,TRUE,TRUE,,,
NAPKIN PAPER ,DISPOSAL ,PACKET ,PACKET ,,1,23.77,23.77,,,3900,,,0,,room_temperature,FALSE,,TRUE,TRUE,,,
TISSUE PAPER ,DISPOSAL ,PACKET ,PACKET ,,1,23,23,,,1400,,,0,,room_temperature,FALSE,,TRUE,TRUE,,,
TISSUE ROLL ,DISPOSAL ,ROLL,ROLL, ,1,1563,1563,,,0,,,0,,room_temperature,FALSE,,TRUE,TRUE,,,
TISSUE BOX ,DISPOSAL ,BOX ,BOX ,,1,31.86,31.86,,,179,,,0,,room_temperature,FALSE,,TRUE,TRUE,,,
TOILET ROLL ,DISPOSAL ,ROLL,ROLL,,1,7.25,7.25,,,1000,,,0,,room_temperature,FALSE,,TRUE,TRUE,,,
STRAW PIPE ,DISPOSAL ,PACKET ,PACKET ,,1,33.62,33.62,,,30,,,0,,room_temperature,FALSE,,TRUE,TRUE,,,
STICK STRIER ,DISPOSAL ,PACKET ,PACKET ,,1,45,45,,,,,,0,,room_temperature,FALSE,,TRUE,TRUE,,,
SILVER FOIL ,DISPOSAL ,ROLL ,ROLL ,,1,351,351,,,90,,,0,,room_temperature,FALSE,,TRUE,TRUE,,,
CLEAN FOIL ,DISPOSAL ,ROLL ,ROLL ,,1,269,269,,,186,,,0,,room_temperature,FALSE,,TRUE,TRUE,,,
DISPOSAL PAPER GLASS ,DISPOSAL ,PACKET ,PACKET ,,1,28.5,28.5,,,180,,,0,,room_temperature,FALSE,,TRUE,TRUE,,,
DISPOSAL TEA CUP ,DISPOSAL ,PACKET ,PACKET ,,1,13.27,13.27,,,1457,,,0,,room_temperature,FALSE,,TRUE,TRUE,,,
DISPOSAL WATER GLASS ,DISPOSAL ,PACKET ,PACKET ,,1,35,35,,,110,,,0,,room_temperature,FALSE,,TRUE,TRUE,,,
DISPOSAL PLATE ,DISPOSAL ,PACKET ,PACKET ,,1,8.5,8.5,,,2918,,,0,,room_temperature,FALSE,,TRUE,TRUE,,,
DISPOSAL SPOON ,DISPOSAL ,PACKET ,PACKET ,,1,41,41,,,470,,,0,,room_temperature,FALSE,,TRUE,TRUE,,,
DISPOSAL ICE CREAM CUP ,DISPOSAL ,PACKET ,PACKET ,,1,84,84,,,115,,,0,,room_temperature,FALSE,,TRUE,TRUE,,,
MEAL TRAY ,DISPOSAL ,PIECE,PIECE,,1,5.87,5.87,,,1775,,,0,,room_temperature,FALSE,,TRUE,TRUE,,,
CONTAINER BLACK  500 ML,DISPOSAL ,PIECE,PIECE,,1,5.25,5.25,,,0,,,0,,room_temperature,FALSE,,TRUE,TRUE,,,
CONTAINER BLACK 300 ML ,DISPOSAL ,PIECE,PIECE,,1,4.6,4.6,,,1200,,,0,,room_temperature,FALSE,,TRUE,TRUE,,,
CONTAINER BLACK 400 ML ,DISPOSAL ,PIECE,PIECE,,1,5,5,,,0,,,0,,room_temperature,FALSE,,TRUE,TRUE,,,
CONTAINER BLACK 1000 ML ,DISPOSAL ,PIECE,PIECE,,1,6.54,6.54,,,300,,,0,,room_temperature,FALSE,,TRUE,TRUE,,,
CONTAINER BLACK 650 ML ,DISPOSAL ,PIECE,PIECE,,1,7.38,7.38,,,0,,,0,,room_temperature,FALSE,,TRUE,TRUE,,,
CONTAINER BLACK 250 ML ,DISPOSAL ,PIECE,PIECE,,1,2.46,2.46,,,0,,,0,,room_temperature,FALSE,,TRUE,TRUE,,,
CONTAINER BLACK 100 ML ,DISPOSAL ,PIECE,PIECE,,1,2.24,2.24,,,2100,,,0,,room_temperature,FALSE,,TRUE,TRUE,,,
PLASTIC CARRY BAG 1 KG ,DISPOSAL ,KG ,KG ,,1,280,280,,,24,,,0,,room_temperature,FALSE,,TRUE,TRUE,,,
CAP KITCHEN  ,DISPOSAL ,PACKET ,PACKET ,,1,46.2,46.2,,,50,,,0,,room_temperature,FALSE,,TRUE,TRUE,,,
FOOD SAMPLE POUCH ,DISPOSAL ,PACKET ,PACKET ,,1,30,30,,,11,,,0,,room_temperature,FALSE,,TRUE,TRUE,,,
SERVICE HAND GLOVES ,DISPOSAL ,PACKET ,PACKET ,,1,33,33,,,,,,0,,room_temperature,FALSE,,TRUE,TRUE,,,
PACKING ROLL ,DISPOSAL ,ROLL ,ROLL ,,1,240,240,,,0,,,0,,room_temperature,FALSE,,TRUE,TRUE,,,
SILVER BAG 6*8,DISPOSAL ,PACKET ,PACKET ,,1,90,90,,,12,,,0,,room_temperature,FALSE,,TRUE,TRUE,,,
SILVER BAG 8*10 ,DISPOSAL ,PACKET ,PACKET ,,1,100,100,,,0,,,,,,,,,,,,
BREAD PANNI,DISPOSAL ,PACKET ,PACKET ,1000 GM,1,190,190,,,6,,,,,,,,,,,,
240 ML D/W GLASS WHITE,DISPOSAL ,PIECE,PIECE,,1,3.54,3.54,,,1400,,,,,,,,,,,,
350 ML PCS GLASS(12Qz),DISPOSAL ,PIECE,PIECE,,1,3.07,3.07,,,1046,,,,,,,,,,,,
500 ML PACKAGING DABBA BLACK,DISPOSAL ,PIECE,PIECE,,1,5.59,5.59,,,0,,,,,,,,,,,,
92 DIA PET FLAT LID WITH DHKAN,DISPOSAL ,PIECE,PIECE,,1,1.18,1.18,,,0,,,,,,,,,,,,
"BUTTER PAPER ROLL
BUTTER PAPER ROLL",DISPOSAL ,ROLL,ROLL,,1,155.00,155.00,,,,,,,,,,,,,,,
CAKE BOX 10*10,DISPOSAL ,PIECE,PIECE,,1,16.80,16.80,,,3530,,,,,,,,,,,,
CAKE BOX 8*8,DISPOSAL ,PIECE,PIECE,,1,13.44,13.44,,,3284,,,,,,,,,,,,
CAP CHEF PAPER A,DISPOSAL ,PIECE,PIECE,,1,6.17,6.17,,,770,,,,,,,,,,,,
"CARRY BAG PLASTIC
CARRY BAG  PLASTIC",DISPOSAL ,KG ,KG ,,1,135.64,135.64,,,,,,,,,,,,,,,
"MEAL TRAY 8CP
MEAL TRAY 8CP",DISPOSAL ,PIECE,PIECE,,1,21.24,21.24,,,650,,,,,,,,,,,,
PASTRY BOX 5*5,DISPOSAL ,PIECE,PIECE,,1,5.43,5.43,,,2400,,,,,,,,,,,,
PIZZA BOX 10*10,DISPOSAL ,PIECE,PIECE,,1,11.54,11.54,,,3200,,,,,,,,,,,,
PLAIN PAPER BAG 23*18*15 SMALL,DISPOSAL ,PIECE,PIECE,,1,4.72,4.72,,,0,,,,,,,,,,,,
PLAIN PAPER BAG 30*21*18 BIG,DISPOSAL ,PIECE,PIECE,,1,7.08,7.08,,,1500,,,,,,,,,,,,
"SILVER 6*8
SILVER 6*8",DISPOSAL ,PACKET,PACKET,,1,88.29,88.29,,,,,,,,,,,,,,,
"SILVER8*10
SILVER8*10",DISPOSAL ,PACKET,PACKET,,1,68.75,68.75,,,,,,,,,,,,,,,
STIRRER BIG,DISPOSAL ,PIECE,PIECE,,1,1.26,1.26,,,18,,,,,,,,,,,,
STIRRER SMALL,DISPOSAL ,PIECE,PIECE,,1,1.15,1.15,,,17,,,,,,,,,,,,
ALL PIN,STATIONERY ,PACKET,PACKET,500,1,40.00,40.00,,,,,,,,,,,,,,,
BOOK PRINT MEAL COUPON,STATIONERY ,PIECE,PIECE,,1,134.50,134.50,,,,,,,,,,,,,,,
BREAD TAPE,STATIONERY ,PIECE,PIECE,,1,22.16,22.16,,,180,,,,,,,,,,,,
CARBON PAPER,STATIONERY ,PIECE,PIECE,,1,1.00,1.00,,,,,,,,,,,,,,,
CELLO TAP,STATIONERY ,ROLL,ROLL,,1,61.00,61.00,,,,,,,,,,,,,,,
CELLO TAP MIDIAM,STATIONERY ,ROLL,ROLL,,1,40.00,40.00,,,,,,,,,,,,,,,
CHALLAN BOOK BIG,STATIONERY ,PIECE,PIECE,,1,111.94,111.94,,,,,,,,,,,,,,,
CHALLAN BOOK SMALL,STATIONERY ,PIECE,PIECE,,1,39.53,39.53,,,,,,,,,,,,,,,
CLIP BAND,STATIONERY ,PIECE,PIECE,,1,3.00,3.00,,,,,,,,,,,,,,,
DORI FILE,STATIONERY ,PIECE,PIECE,,1,10.00,10.00,,,,,,,,,,,,,,,
DRIVER LONG BOOK,STATIONERY ,PIECE,PIECE,,1,55.00,55.00,,,,,,,,,,,,,,,
DUPLICATE BOOK,STATIONERY ,PIECE,PIECE,,1,20.91,20.91,,,36,,,,,,,,,,,,
FEVISTICK,STATIONERY ,PIECE,PIECE,,1,24.09,24.09,,,3,,,,,,,,,,,,
FILE BOX BIG,STATIONERY ,PIECE,PIECE,,1,85.00,85.00,,,,,,,,,,,,,,,
FILE MINI,STATIONERY ,PIECE,PIECE,,1,60.00,60.00,,,,,,,,,,,,,,,
FILE VOUCHER,STATIONERY ,PIECE,PIECE,,1,12.00,12.00,,,,,,,,,,,,,,,
GATE PASS BOOK,STATIONERY ,PIECE,PIECE,,1,121.00,121.00,,,,,,,,,,,,,,,
GUEST KEY POCKET,STATIONERY ,PIECE,PIECE,,1,2.90,2.90,,,,,,,,,,,,,,,
HIGHLIGHTER,STATIONERY ,PIECE,PIECE,,1,24.55,24.55,,,4,,,,,,,,,,,,
L FOLDER,STATIONERY ,PIECE,PIECE,,1,8.00,8.00,,,,,,,,,,,,,,,
LATTER PAID HKI,STATIONERY ,PIECE,PIECE,,1,1.87,1.87,,,,,,,,,,,,,,,
LIFAFA ALL,STATIONERY ,PIECE,PIECE,,1,1.99,1.99,,,,,,,,,,,,,,,
MACHINE STEPLER,STATIONERY ,PIECE,PIECE,,1,30.00,30.00,,,12,,,,,,,,,,,,
MARKER BIG PARMANET,STATIONERY ,PIECE,PIECE,,1,13.21,13.21,,,2,,,,,,,,,,,,
MARKER SMALL PARMANET,STATIONERY ,PIECE,PIECE,,1,8.23,8.23,,,20,,,,,,,,,,,,
MARKER WHITE BORD MARKER,STATIONERY ,PIECE,PIECE,,1,17.66,17.66,,,32,,,,,,,,,,,,
PAPER RIN A4,STATIONERY ,PACKET,PACKET,,1,231.60,231.60,,,272,,,,,,,,,,,,
PEN,STATIONERY ,PIECE,PIECE,,1,2.76,2.76,,,300,,,,,,,,,,,,
PEN UNIBULL,STATIONERY ,PIECE,PIECE,,1,80.00,80.00,,,,,,,,,,,,,,,
PENCEL,STATIONERY ,PIECE,PIECE,,1,4.43,4.43,,,210,,,,,,,,,,,,
PURCHASE BOOK,STATIONERY ,PIECE,PIECE,,1,70.00,70.00,,,,,,,,,,,,,,,
RAGISTER,STATIONERY ,PIECE,PIECE,,1,102.06,102.06,,,,,,,,,,,,,,,
RAGISTER ATTENDENCE,STATIONERY ,PIECE,PIECE,,1,102.26,102.26,,,,,,,,,,,,,,,
RAGISTER DAILY STOCK,STATIONERY ,PIECE,PIECE,,1,368.97,368.97,,,,,,,,,,,,,,,
RAGISTER DUTY ALLOTMENT,STATIONERY ,PIECE,PIECE,,1,220.00,220.00,,,,,,,,,,,,,,,
RAGISTER ENTERY,STATIONERY ,PIECE,PIECE,,1,588.00,588.00,,,,,,,,,,,,,,,
RAGISTER FLOOR SECTICTION,STATIONERY ,PIECE,PIECE,,1,119.00,119.00,,,,,,,,,,,,,,,
RAGISTER GROOMING,STATIONERY ,PIECE,PIECE,,1,220.00,220.00,,,,,,,,,,,,,,,
RAGISTER HAND OVER,STATIONERY ,PIECE,PIECE,,1,178.18,178.18,,,,,,,,,,,,,,,
RAGISTER MASSAGE,STATIONERY ,PIECE,PIECE,,1,358.33,358.33,,,,,,,,,,,,,,,
RAGISTER OP,STATIONERY ,PIECE,PIECE,,1,260.00,260.00,,,,,,,,,,,,,,,
RAGISTER ROOM S,STATIONERY ,PIECE,PIECE,,1,130.00,130.00,,,,,,,,,,,,,,,
RAGISTER SABJI ODER,STATIONERY ,PIECE,PIECE,,1,190.00,190.00,,,,,,,,,,,,,,,
ROOM SERVICE ORDER CONTROL SHE,STATIONERY ,PACKET,PACKET,,1,170.00,170.00,,,,,,,,,,,,,,,
STAF GATE PASS BOOK,STATIONERY ,PIECE,PIECE,,1,95.83,95.83,,,,,,,,,,,,,,,
STAM PAID,STATIONERY ,PIECE,PIECE,,1,30.00,30.00,,,2,,,,,,,,,,,,
STEAKER,STATIONERY ,PACKET,PACKET,,1,25.00,25.00,,,,,,,,,,,,,,,
STEPLER PIN BIG,STATIONERY ,PIECE,PIECE,,1,15.96,15.96,,,35,,,,,,,,,,,,
STEPLER PIN SMALL,STATIONERY ,PIECE,PIECE,,1,9.93,9.93,,,38,,,,,,,,,,,,
"STORE BOOK
STORE BOOK",STATIONERY ,PIECE,PIECE,,1,199.00,199.00,,,,,,,,,,,,,,,
VEGETABLE BOOK,STATIONERY ,PIECE,PIECE,,1,175.00,175.00,,,,,,,,,,,,,,,
VISITOR GATE PASS BOOK,STATIONERY ,PIECE,PIECE,,1,99.17,99.17,,,,,,,,,,,,,,,
VOUCHER CASH JAMA,STATIONERY ,PIECE,PIECE,,1,48.53,48.53,,,,,,,,,,,,,,,
VOUCHER CASH PAYMENT,STATIONERY ,PIECE,PIECE,,1,48.39,48.39,,,,,,,,,,,,,,,
VOUCHER SALARY,STATIONERY ,PIECE,PIECE,,1,63.64,63.64,,,,,,,,,,,,,,,
WHITENER,STATIONERY ,PIECE,PIECE,,1,17.83,17.83,,,9,,,,,,,,,,,,
GAS ,GAS,TANK,TANK,,1,1900,1900,,,,,,,,,,,,,,,
WATER JAR,WATER ZAR ,JAR,JAR,20000 ML,1,25,25,,,,,,,,,,,,,,,
COAL WOODEN,COAL,,,,1,35,35,,,0,,,,,,,,,,,,
COAL STONE,COAL,,,,1,28,28,,,0,,,,,,,,,,,,
CARAMEL SYRUP ,SYRUP ,BTL,BTL,1000 ML,1,770,770,,MTSR,0,,,,,,,,,,,,
CHOCOLATE SYRUP ,SYRUP ,BTL,BTL,700 ML,1,760,760,,MTSR,0,,,,,,,,,,,,
CINNAMON SYRUP ,SYRUP ,BTL,BTL,1000 ML,1,860,860,,MTSR,4,,,,,,,,,,,,
ELDERFLOWER SYRUP ,SYRUP ,BTL,BTL,1000 ML,1,860,860,,MTSR,1,,,,,,,,,,,,
HAZEINUT SYRUP ,SYRUP ,BTL,BTL,1000 ML,1,860,860,,MTSR,0,,,,,,,,,,,,
LEMON ICE TEA ,SYRUP ,BTL,BTL,1000 ML,1,860,860,,MTSR,1,,,,,,,,,,,,
LRISH CREAM SYRUP ,SYRUP ,BTL,BTL,1000 ML,1,700,700,,MTSR,1,,,,,,,,,,,,
PEACH SYRUP ,SYRUP ,BTL,BTL,1000 ML,1,860,860,,MTSR,5,,,,,,,,,,,,
VANILLA SYRUP ,SYRUP ,BTL,BTL,1000 ML,1,860,860,,MTSR,0,,,,,,,,,,,,
DRY YEAST,BAKERY,PACKET,PACKET,500G,1,170.35,170.35,,ANGEL,10,,,,,,,,,,,,
EGG FREE RED VELVETCAKE MIX ,BAKERY,PACKET,PACKET,1000 GM,1,300,300,,CALPRO ,5,,,,,,,,,,,,
EGG FREE RED VELVETCAKE MIX ,BAKERY,PACKET,PACKET,5000 GM,1,1500,1500,,CALPRO ,0,,,,,,,,,,,,
ALMOND PASTE,BAKERY,PACKET,PACKET,1000 GM,1,888.24,888.24,,CELEBRE,0,,,,,,,,,,,,
LIQUID FOOD COLOUR YELLOW,BAKERY,PACKET,PACKET,200 GM ,1,75,75,,COLOUR MIST,0,,,,,,,,,,,,
LIQUID FOOD COLOUR PURPLE,BAKERY,PACKET,PACKET,200 GM ,1,75,75,,COLOUR MIST,0,,,,,,,,,,,,
LIQUID FOOD COLOUR BLUE,BAKERY,PACKET,PACKET,200 GM ,1,75,75,,COLOUR MIST,0,,,,,,,,,,,,
LIQUID FOOD COLOUR GREEN,BAKERY,PACKET,PACKET,200 GM ,1,75,75,,COLOUR MIST,0,,,,,,,,,,,,
LIQUID FOOD COLOUR BROWN,BAKERY,PACKET,PACKET,200 GM ,1,240,240,,COLOUR MIST,0,,,,,,,,,,,,
LIQUID FOOD COLOUR ORANGE ,BAKERY,PACKET,PACKET,200 GM ,1,240,240,,COLOUR MIST,0,,,,,,,,,,,,
LIQUID FOOD COLOUR RED,BAKERY,PACKET,PACKET,200 GM ,1,240,240,,COLOUR MIST,0,,,,,,,,,,,,
BUTTERSCOTCH NUTS 1KG,BAKERY,PIECE,PIECE,1000 GM,1,180,180,,CHOCOVILLE,0,,,,,,,,,,,,
FEUILLETINE FRENCH BISCUIT,BAKERY,PACKET,PACKET,200 GM ,1,160,160,,MICS,0,,,,,,,,,,,,
BLUEBERRY FROZEN,BAKERY,PACKET,PACKET,1000 GM,1,1516.67,1516.67,,DIRA,3,,,,,,,,,,,,
BLUEBERRY PUREE,BAKERY,PACKET,PACKET,1000 GM,1,1400,1400,,DIRA,0,,,,,,,,,,,,
STRAWBERRY FROZEN,BAKERY,PACKET,PACKET,2500 GM ,1,1937.5,1937.5,,DIRA,0,,,,,,,,,,,,
STRAWVERRY PUREE,BAKERY,PACKET,PACKET,1000 GM,1,990,990,,DIRA,0,,,,,,,,,,,,
MASCARPONE,BAKERY,PACKET,PACKET,500 GM,1,350,350,,DILECTA,5,,,,,,,,,,,,
BAKING POWDER ,BAKERY,PACKET,PACKET,100 GM ,1,30,30,,WEIKFIELD ,10,,,,,,,,,,,,
ROSE WHITE FLAVOUR,BAKERY,PACKET,PACKET,500 ML,1,449.34,449.34,,IFF,1,,,,,,,,,,,,
VANILLA 2000 POWDER,BAKERY,PACKET,PACKET,500 GM,1,180,180,,IFF,0,,,,,,,,,,,,
VANILLA FLAVOUR NO1,BAKERY,PACKET,PACKET,500 ML,1,335.28,335.28,,IFF,1,,,,,,,,,,,,
ALMOUD SPECIAL ,BAKERY,PIECE,PIECE,500 GM,1,468,468,,LEZ,0,,,,,,,,,,,,
BISCOFF SPRED,BAKERY,PACKET,PACKET,400 GM ,1,480,480,,LOTUS,12,,,,,,,,,,,,
BLACK CURRENT CRUSH,BAKERY,BOTTLE,BOTTLE,1000 ML,1,190,190,,MORDE,2,,,,,,,,,,,,
MILK COMPOUND,BAKERY,PIECE,PIECE,500 GM,1,170,170,,MORDE,18,,,,,,,,,,,,
DARK CHOCOLATE (D45),BAKERY,PIECE,PIECE,500 GM,1,486,486,,MORDE,29,,,,,,,,,,,,
CLASSIC BAG,BAKERY,PACKET,PACKET,500 GM,1,1550,1550,,NESCAFE,0,,,,,,,,,,,,
CHOCO WAFER ROLLS,BAKERY,PACKET,PACKET,250 GM,1,80,80,,MICS,0,,,,,,,,,,,,
MILK MAID ,BAKERY,TIN,TIN,380 GM,1,140.9,140.9,,NESTLE,15,,,,,,,,,,,,
PREMIUM EGGFREE CHOCOLATE,BAKERY,PACKET,PACKET,5000 GM,1,1258.73,1258.73,,PILLSBURY,8,,,,,,,,,,,,
PREMIUM EGGFREE VANILLA,BAKERY,PACKET,PACKET,5000 GM,1,1009.55,1009.55,,PILLSBURY,1,,,,,,,,,,,,
BAKING SODA,BAKERY,PACKET,PACKET,500 GM,1,59.72,59.72,,WEIKFIELD ,8,,,,,,,,,,,,
CHOCOLATE GEL,BAKERY,PACKET,PACKET,1000 GM,1,228,228,,PURIX ,0,,,,,,,,,,,,
GLUCOSE SYRUP,BAKERY,PACKET,PACKET,1000 GM,1,181.42,181.42,,PURIX ,3,,,,,,,,,,,,
PECTIN,BAKERY,PIECE,PIECE,75 GM,1,368,368,,PURIX ,0,,,,,,,,,,,,
BLANCED SLICED ALMOND,BAKERY,PACKET,PACKET,1000 GM,1,1280,1280,,RICH'S,0,,,,,,,,,,,,
BV CARAMEL SYRUP,BAKERY,PACKET,PACKET,1300 GM,1,240,240,,RICH'S,0,,,,,,,,,,,,
BV CHOCOLATE SYRUP,BAKERY,PACKET,PACKET,1300 GM,1,240,240,,RICH'S,0,,,,,,,,,,,,
HAZELNUT CHOCO SPREAD,BAKERY,PACKET,PACKET,1000 GM,1,252,252,,RICH'S,0,,,,,,,,,,,,
ALPHABET MIX SPRINKLE,BAKERY,PACKET,PACKET,130 GM,1,208,208,,RAPLAP,0,,,,,,,,,,,,
BLANCED ALMOND POWDER,BAKERY,PACKET,PACKET,1000 GM,1,1100,1100,,RAPLAP,0,,,,,,,,,,,,
CALCIUM POWDER,BAKERY,PACKET,PACKET,1000 GM,1,496.52,496.52,,RAPLAP,17,,,,,,,,,,,,
CALCIUM POWDER,BAKERY,PACKET,PACKET,800 GM ,1,480,480,,RAPLAP,0,,,,,,,,,,,,
DARK COMPOUND CHIPS,BAKERY,PACKET,PACKET,1000 GM,1,394.44,394.44,,RAPLAP,11,,,,,,,,,,,,
GLAZE CHOCOLATE,BAKERY,PACKET,PACKET,2500 GM ,1,400,400,,RAPLAP,0,,,,,,,,,,,,
HAZELNUT KERNAL,BAKERY,PACKET,PACKET,500 GM,1,1143.75,1143.75,,RAPLAP,1,,,,,,,,,,,,
LUSTER DUST GOLD,BAKERY,PACKET,PACKET,50 GM,1,960,960,,RAPLAP,0,,,,,,,,,,,,
LUSTER DUST SILVER ,BAKERY,PACKET,PACKET,50 GM,1,960,960,,RAPLAP,0,,,,,,,,,,,,
PEARL BALL RED MINI,BAKERY,PACKET,PACKET,500 GM,1,640,640,,RAPLAP,0,,,,,,,,,,,,
WHEAT GLUTEN,BAKERY,PACKET,PACKET,1000 GM,1,360,360,,RAPLAP,1,,,,,,,,,,,,
CLASSIC BREAKFAST SUGAR,BAKERY,PACKET,PACKET,1000 GM,1,75,75,,TRUST,21,,,,,,,,,,,,
GOLD BROWN SUGAR,BAKERY,PACKET,PACKET,1000 GM,1,120,120,,TRUST,3,,,,,,,,,,,,
CASTER SUGAR,BAKERY,PACKET,PACKET,1000 GM,1,75,75,,UTTAM,0,,,,,,,,,,,,
ICING SUGAR,BAKERY,PACKET,PACKET,1000 GM,1,70.49,70.49,,UTTAM,10,,,,,,,,,,,,
DARK CHOCOLATE 46.5%,BAKERY,PACKET,PACKET,1000 GM,1,1050,1050,,VAN HOUTEN PROFESSIONAL,8,,,,,,,,,,,,
MILK CHOCOLATE 35.6%,BAKERY,PACKET,PACKET,1000 GM,1,1180,1180,,VAN HOUTEN PROFESSIONAL,8,,,,,,,,,,,,
WHITE CHOCOLATE,BAKERY,PACKET,PACKET,1000 GM,1,1300,1300,,VAN HOUTEN PROFESSIONAL,5,,,,,,,,,,,,
COCOA POWDER,BAKERY,PACKET,PACKET,1000 GM,1,1080,1080,,VAN HOUTEN PROFESSIONAL,4,,,,,,,,,,,,
UNSALTED BUTTER,BAKERY,PACKET,PACKET,500 GM,1,280,280,,DYNAMIX,,,,,,,,,,,,,
UNSALTED BUTTER,BAKERY,PACKET,PACKET,500 GM,1,300,300,,PRESIDENT ,7,,,,,,,,,,,,
MILK POWDER,BAKERY,PACKET,PACKET,1000 GM,1,400,400,,SKIMMED,2,,,,,,,,,,,,
"10""CAKE BASE ROUND BLACK-MDF",DISPOSAL ,PIECE,PIECE,,1,7.79,7.79,,,700,,,,,,,,,,,,
"10""CAKE BASE SQUARE BLACK-MDF",DISPOSAL ,PIECE,PIECE,,1,7.79,7.79,,,1300,,,,,,,,,,,,
250 ML PAPER TRAY(50),DISPOSAL ,PACKET,PACKET,,1,145.07,145.07,,,0,,,,,,,,,,,,
4426 PAPER CUPS (1000PC),DISPOSAL ,PIECE,PIECE,,1,315.38,315.38,,,0,,,,,,,,,,,,
500 ML PAPER TRAY (50PC),DISPOSAL ,PACKET,PACKET,,1,200.45,200.45,,,0,,,,,,,,,,,,
5030 PAPER CUPS (1000PC),DISPOSAL ,PIECE,PIECE,,1,400.00,400.00,,,0,,,,,,,,,,,,
5037.5 CUPS 1000PC,DISPOSAL ,PIECE,PIECE,,1,420.00,420.00,,,0,,,,,,,,,,,,
"8"" CAKE BASE SQUARE BLACK-MDF",DISPOSAL ,PIECE,PIECE,,1,4.48,4.48,,,1800,,,,,,,,,,,,
"8""CAKE BASE ROUND BLACK -MDF",DISPOSAL ,PIECE,PIECE,,1,4.48,4.48,,,700,,,,,,,,,,,,
ACRYLIC CONTAINERRECTANGLE300M,DISPOSAL ,PIECE,PIECE,,1,25.00,25.00,,,0,,,,,,,,,,,,
"ACRYLIC SMALL RECTANGLE DESERT
BOX (N59)",DISPOSAL ,PIECE,PIECE,,1,25.00,25.00,,,0,,,,,,,,,,,,
CAKE BASE BOARD 10*10,DISPOSAL ,PIECE,PIECE,,1,9.99,9.99,,,47,,,,,,,,,,,,
CAKE BASE BOARD 14*14,DISPOSAL ,PIECE,PIECE,,1,25.00,25.00,,,13,,,,,,,,,,,,
CAKE BASE BOARD 16*16,DISPOSAL ,PIECE,PIECE,,1,30.00,30.00,,,13,,,,,,,,,,,,
CAKE BASE BOARD BOARD 8*8,DISPOSAL ,PIECE,PIECE,,1,8.00,8.00,,,70,,,,,,,,,,,,
CAKE BASE RAOUND 5*5,DISPOSAL ,PIECE,PIECE,,1,5.00,5.00,,,59,,,,,,,,,,,,
BOLO PAPER CUPS,DISPOSAL ,PIECE,PIECE,,1,9.99,9.99,,,0,,,,,,,,,,,,
SMALL DREAM TIN,DISPOSAL ,PACKET,PACKET,,1,30,30,,,0,,,,,,,,,,,,
SQUARE FOOD CONTAINER (50),DISPOSAL ,PACKET,PACKET,50,1,920,920,,,0,,,,,,,,,,,,
TRIANGLE PASTRY BOX,DISPOSAL ,PACKET,PACKET,100,1,949.99,949.99,,,0,,,,,,,,,,,,
PANI NARIYAL,KITCHEN ,PIECE,PIECE,,1,28,28,,,90,,,,,,,,,,,,
CREAM CHEESE 1 KG,BAKERY,PACKET,PACKET,,1,730,730,,DLECTA,10,,,,,,,,,,,,
"
COOKING SODA ",KITCHEN ,PACKET,PACKET,100 GM ,1,10,10,,TATA,7,,,,,,,,,,,,
PASTA FRUSALI,KITCHEN ,PACKET,PACKET,500 GM,1,290,290,,,5,,,,,,,,,,,,
DRINKING CHOCOLATE,KITCHEN ,PACKET,PACKET,500 GM,1,232,232,,WEIKFIELD ,6,,,,,,,,,,,,
LEMON TEA BAG * 50PC,KITCHEN ,PACKET,PACKET,,1,262,262,,TETLEY ,3,,,,,,,,,,,,
COCONUT COCO,CAFE,BOTTLE,BOTTLE,1000 ML,1,760,760,,MONIN,1,,,,,,,,,,,,
PASSION FRUIT,CAFE,BOTTLE,BOTTLE,1000 ML,1,710,710,,MONIN,3,,,,,,,,,,,,
CURACAO BLUE,CAFE,BOTTLE,BOTTLE,1000 ML,1,68,68,,MONIN,1,,,,,,,,,,,,
CURACAO BLUE,CAFE,BOTTLE,BOTTLE,700 ML,1,89,89,,MONIN,2,,,,,,,,,,,,
AJWAIN,KITCHEN ,PACKET,PACKET,1000 GM,1,160,160,,,15,,,,,,,,,,,,
TABASCO SAUCE,KITCHEN ,BOTTLE,BOTTLE,60 ML,1,195,195,,MC ILHENNY CO.,56,,,,,,,,,,,,
CHOCOLATE SAUCE,KITCHEN ,BOTTLE,BOTTLE,1000 ML,1,220,220,,MANAMA,4,,,,,,,,,,,,
MOJITO MINT,KITCHEN ,BOTTLE,BOTTLE,1000 ML,1,328,328,,MANAMA,3,,,,,,,,,,,,
TACO SHELLS,KITCHEN ,PACKET,PACKET,150 GM,1,140,140,,SALSALITO,4,,,,,,,,,,,,
BAKING HAND GLOVES,BAKERY,PACKET,PACKET,,1,350,350,,,3,,,,,,,,,,,,
WHITE PAPER ,KITCHEN ,PACKET,PACKET,50 GM,1,99,99,,EVEREST,7,,,,,,,,,,,,
BISCOFF BISCUIT,BAKERY,PACKET,PACKET,225 GM,1,100,100,,LOTUS,34,,,,,,,,,,,,
MAGIC BREAD IMPROVER,BAKERY,PACKET,PACKET,1000 GM,1,260,260,,TOWER,5,,,,,,,,,,,,
LIQUID SUGAR,BAKERY,BOTTLE,BOTTLE,1000 ML,1,280,280,,UTTAM,1,,,,,,,,,,,,
PICKLE MIX POUSE*125,KITCHEN ,PACKET,PACKET,"15 G,",1,304,304,,S'R FOOD'S,6,,,,,,,,,,,,
SPRING ROLL,KITCHEN ,PACKET,PACKET,,1,205,205,,LITTLE CHEF,8,,,,,,,,,,,,
GUND,KITCHEN ,KG,KG,1000 GM,1,240,240,,,4,,,,,,,,,,,,
SUPADI,DISPOSAL ,PIECE,PIECE,,1,50,50,,,58,,,,,,,,,,,,
SAEFTY JACKET,DISPOSAL ,PIECE,PIECE,,1,70,70,,,43,,,,,,,,,,,,
EMPTY BOTTLE,DISPOSAL ,PIECE,PIECE,,1,17.83,17.83,,CELLO,60,,,,,,,,,,,,
SENETRY QUIB,HOUSE KEEPING,PACKET,PACKET,,1,28.46,28.46,,,1292,,,,,,,,,,,,
FEUL TIN,KITCHEN ,TIN,TIN,,1,17.36,17.36,,,1152,,,,,,,,,,,,
TIFIN,KITCHEN ,PIECE,PIECE,,1,509,509,,COSMOS,34,,,,,,,,,,,,
TABLE ROLL,KITCHEN ,PIECE,PIECE,,1,35,35,,,1,,,,,,,,,,,,
DUSTER CHECK,KITCHEN ,PIECE,PIECE,,1,11.4,11.4,,,810,,,,,,,,,,,,
AA-12 DURO CELL,HOUSE KEEPING,PIECE,PIECE,,1,33.75,33.75,,DURO,276,,,,,,,,,,,,
AA-08 DURO CELL,HOUSE KEEPING,PIECE,PIECE,,1,33.75,33.75,,DURO,117,,,,,,,,,,,,
9 V BATTERY DURO CELL,HOUSE KEEPING,PIECE,PIECE,,1,180,180,,DURO,40,,,,,,,,,,,,
,,,,,,,,,,,,,,,,,,,,,,
,,,,,,,,,,,,,,,,,,,,,,
,,,,,,,,,,,,,,,,,,,,,,
,,,,,,,,,,,,,,,,,,,,,,
,,,,,,,,,,,,,,,,,,,,,,
,,,,,,,,,,,,,,,,,,,,,,
,,,,,,,,,,,,,,,,,,,,,,
,,,,,,,,,,,,,,,,,,,,,,
,,,,,,,,,,,,,,,,,,,,,,
,,,,,,,,,,,,,,,,,,,,,,
,,,,,,,,,,,,,,,,,,,,,,
,,,,,,,,,,,,,,,,,,,,,,
,,,,,,,,,,,,,,,,,,,,,,
,,,,,,,,,,,,,,,,,,,,,,
,,,,,,,,,,,,,,,,,,,,,,
,,,,,,,,,,,,,,,,,,,,,,
,,,,,,,,,,,,,,,,,,,,,,
,,,,,,,,,,,,,,,,,,,,,,
,,,,,,,,,,,,,,,,,,,,,,
,,,,,,,,,,,,,,,,,,,,,,
,,,,,,,,,,,,,,,,,,,,,,
,,,,,,,,,,,,,,,,,,,,,,
,,,,,,,,,,,,,,,,,,,,,,
,,,,,,,,,,,,,,,,,,,,,,
,,,,,,,,,,,,,,,,,,,,,,
,,,,,,,,,,,,,,,,,,,,,,
,,,,,,,,,,,,,,,,,,,,,,
,,,,,,,,,,,,,,,,,,,,,,
,,,,,,,,,,,,,,,,,,,,,,
,,,,,,,,,,,,,,,,,,,,,,
,,,,,,,,,,,,,,,,,,,,,,
,,,,,,,,,,,,,,,,,,,,,,
,,,,,,,,,,,,,,,,,,,,,,
,,,,,,,,,,,,,,,,,,,,,,
,,,,,,,,,,,,,,,,,,,,,,
,,,,,,,,,,,,,,,,,,,,,,
,,,,,,,,,,,,,,,,,,,,,,
,,,,,,,,,,,,,,,,,,,,,,
,,,,,,,,,,,,,,,,,,,,,,
,,,,,,,,,,,,,,,,,,,,,,
,,,,,,,,,,,,,,,,,,,,,,
,,,,,,,,,,,,,,,,,,,,,,
,,,,,,,,,,,,,,,,,,,,,,
,,,,,,,,,,,,,,,,,,,,,,
,,,,,,,,,,,,,,,,,,,,,,
,,,,,,,,,,,,,,,,,,,,,,
,,,,,,,,,,,,,,,,,,,,,,
,,,,,,,,,,,,,,,,,,,,,,
,,,,,,,,,,,,,,,,,,,,,,
,,,,,,,,,,,,,,,,,,,,,,
,,,,,,,,,,,,,,,,,,,,,,
,,,,,,,,,,,,,,,,,,,,,,
,,,,,,,,,,,,,,,,,,,,,,
,,,,,,,,,,,,,,,,,,,,,,
,,,,,,,,,,,,,,,,,,,,,,
,,,,,,,,,,,,,,,,,,,,,,
,,,,,,,,,,,,,,,,,,,,,,
,,,,,,,,,,,,,,,,,,,,,,
,,,,,,,,,,,,,,,,,,,,,,
,,,,,,,,,,,,,,,,,,,,,,
,,,,,,,,,,,,,,,,,,,,,,
,,,,,,,,,,,,,,,,,,,,,,
,,,,,,,,,,,,,,,,,,,,,,
,,,,,,,,,,,,,,,,,,,,,,
,,,,,,,,,,,,,,,,,,,,,,
,,,,,,,,,,,,,,,,,,,,,,
,,,,,,,,,,,,,,,,,,,,,,
,,,,,,,,,,,,,,,,,,,,,,
,,,,,,,,,,,,,,,,,,,,,,
,,,,,,,,,,,,,,,,,,,,,,
,,,,,,,,,,,,,,,,,,,,,,
,,,,,,,,,,,,,,,,,,,,,,
,,,,,,,,,,,,,,,,,,,,,,
,,,,,,,,,,,,,,,,,,,,,,
,,,,,,,,,,,,,,,,,,,,,,
,,,,,,,,,,,,,,,,,,,,,,
,,,,,,,,,,,,,,,,,,,,,,
,,,,,,,,,,,,,,,,,,,,,,
,,,,,,,,,,,,,,,,,,,,,,
,,,,,,,,,,,,,,,,,,,,,,
,,,,,,,,,,,,,,,,,,,,,,
,,,,,,,,,,,,,,,,,,,,,,
,,,,,,,,,,,,,,,,,,,,,,
,,,,,,,,,,,,,,,,,,,,,,
,,,,,,,,,,,,,,,,,,,,,,
,,,,,,,,,,,,,,,,,,,,,,
