Ingredient Name,Category,Unit of Measurement,Purchase Unit,Conversion Factor,Cost Per Unit,Cost Per Usage Unit,Description,Brand,Current Stock,Minimum Stock Level,Maximum Stock Level,Reorder Point,Storage Location,Storage Temperature,Is Perishable,Shelf Life Days,Active,Available,Barcode,SKU,Notes
Almond Paste,bakery,packet,packet,1000,888.24,0.88824,,CELEBRE,0,0,,0,,room_temperature,FALSE,,TRUE,TRUE,,,
Almoud Special,bakery,piece,individual,500,468,0.936,,LEZ,0,0,,0,,room_temperature,FALSE,,TRUE,TRUE,,,
Alphabet Mix Sprinkle,bakery,packet,packet,130,208,1.6,,RAPLAP,0,0,,0,,room_temperature,FALSE,,TRUE,TRUE,,,
Baking Powder,bakery,packet,packet,100,30,0.3,,WEIKFIELD,0,0,,0,,room_temperature,FALSE,,TRUE,TRUE,,,
Baking Soda,bakery,packet,packet,500,59.72,0.11944,,WEIKFIELD,0,0,,0,,room_temperature,FALSE,,TRUE,TRUE,,,
Biscoff Spred,bakery,packet,packet,400,480,1.2,,LOTUS,0,0,,0,,room_temperature,FALSE,,TRUE,TRUE,,,
Black Current Crush,bakery,liter,bottle,1000,190,0.19,,MORDE,0,0,,0,,room_temperature,FALSE,,TRUE,TRUE,,,
Blanced Almond Powder,bakery,packet,packet,1000,1100,1.1,,RAPLAP,0,0,,0,,room_temperature,FALSE,,TRUE,TRUE,,,
Blanced Sliced Almond,bakery,packet,packet,1000,1280,1.28,,RICH'S,0,0,,0,,room_temperature,FALSE,,TRUE,TRUE,,,
Blueberry Frozen,bakery,packet,packet,1000,1516.67,1.51667,,DIRA,0,0,,0,,room_temperature,FALSE,,TRUE,TRUE,,,
Blueberry Puree,bakery,packet,packet,1000,1400,1.4,,DIRA,0,0,,0,,room_temperature,FALSE,,TRUE,TRUE,,,
Butterscotch Nuts 1Kg,bakery,piece,individual,1000,180,0.18,,CHOCOVILLE,0,0,,0,,room_temperature,FALSE,,TRUE,TRUE,,,
Bv Caramel Syrup,bakery,packet,packet,1300,240,0.184615385,,RICH'S,0,0,,0,,room_temperature,FALSE,,TRUE,TRUE,,,
Bv Chocolate Syrup,bakery,packet,packet,1300,240,0.184615385,,RICH'S,0,0,,0,,room_temperature,FALSE,,TRUE,TRUE,,,
Calcium Powder,bakery,packet,packet,800,480,0.6,,RAPLAP,0,0,,0,,room_temperature,FALSE,,TRUE,TRUE,,,
Caster Sugar,bakery,packet,packet,1000,75,0.075,,UTTAM,0,0,,0,,room_temperature,FALSE,,TRUE,TRUE,,,
Choco Wafer Rolls,bakery,packet,packet,250,80,0.32,,MICS,0,0,,0,,room_temperature,FALSE,,TRUE,TRUE,,,
Chocolate Gel,bakery,packet,packet,1000,228,0.228,,PURIX,0,0,,0,,room_temperature,FALSE,,TRUE,TRUE,,,
Classic Bag,bakery,packet,packet,500,1550,3.1,,NESCAFE,0,0,,0,,room_temperature,FALSE,,TRUE,TRUE,,,
Classic Breakfast Sugar,bakery,packet,packet,1000,75,0.075,,TRUST,0,0,,0,,room_temperature,FALSE,,TRUE,TRUE,,,
Cocoa Powder,bakery,packet,packet,1000,1080,1.08,,VAN HOUTEN PROFESSIONAL,0,0,,0,,room_temperature,FALSE,,TRUE,TRUE,,,
Dark Chocolate (D45),bakery,piece,individual,500,486,0.972,,MORDE,0,0,,0,,room_temperature,FALSE,,TRUE,TRUE,,,
Dark Chocolate 46.5%,bakery,packet,packet,1000,1050,1.05,,VAN HOUTEN PROFESSIONAL,0,0,,0,,room_temperature,FALSE,,TRUE,TRUE,,,
Dark Compound Chips,bakery,packet,packet,1000,394.44,0.39444,,RAPLAP,0,0,,0,,room_temperature,FALSE,,TRUE,TRUE,,,
Dry Yeast,bakery,packet,packet,500,170.35,0.3407,,ANGEL,0,0,,0,,room_temperature,FALSE,,TRUE,TRUE,,,
Egg Free Red Velvetcake Mix,bakery,packet,packet,5000,1500,0.3,,CALPRO,0,0,,0,,room_temperature,FALSE,,TRUE,TRUE,,,
Feuilletine French Biscuit,bakery,packet,packet,200,160,0.8,,MICS,0,0,,0,,room_temperature,FALSE,,TRUE,TRUE,,,
Glaze Chocolate,bakery,packet,packet,2500,400,0.16,,RAPLAP,0,0,,0,,room_temperature,FALSE,,TRUE,TRUE,,,
Glucose Syrup,bakery,packet,packet,1000,181.42,0.18142,,PURIX,0,0,,0,,room_temperature,FALSE,,TRUE,TRUE,,,
Gold Brown Sugar,bakery,packet,packet,1000,120,0.12,,TRUST,0,0,,0,,room_temperature,FALSE,,TRUE,TRUE,,,
Hazelnut Choco Spread,bakery,packet,packet,1000,252,0.252,,RICH'S,0,0,,0,,room_temperature,FALSE,,TRUE,TRUE,,,
Hazelnut Kernal,bakery,packet,packet,500,1143.75,2.2875,,RAPLAP,0,0,,0,,room_temperature,FALSE,,TRUE,TRUE,,,
Icing Sugar,bakery,packet,packet,1000,70.49,0.07049,,UTTAM,0,0,,0,,room_temperature,FALSE,,TRUE,TRUE,,,
Liquid Food Colour Blue,bakery,packet,packet,200,75,0.375,,COLOUR MIST,0,0,,0,,room_temperature,FALSE,,TRUE,TRUE,,,
Liquid Food Colour Brown,bakery,packet,packet,200,240,1.2,,COLOUR MIST,0,0,,0,,room_temperature,FALSE,,TRUE,TRUE,,,
Liquid Food Colour Green,bakery,packet,packet,200,75,0.375,,COLOUR MIST,0,0,,0,,room_temperature,FALSE,,TRUE,TRUE,,,
Liquid Food Colour Orange,bakery,packet,packet,200,240,1.2,,COLOUR MIST,0,0,,0,,room_temperature,FALSE,,TRUE,TRUE,,,
Liquid Food Colour Purple,bakery,packet,packet,200,75,0.375,,COLOUR MIST,0,0,,0,,room_temperature,FALSE,,TRUE,TRUE,,,
Liquid Food Colour Red,bakery,packet,packet,200,240,1.2,,COLOUR MIST,0,0,,0,,room_temperature,FALSE,,TRUE,TRUE,,,
Liquid Food Colour Yellow,bakery,packet,packet,200,75,0.375,,COLOUR MIST,0,0,,0,,room_temperature,FALSE,,TRUE,TRUE,,,
Luster Dust Gold,bakery,packet,packet,50,960,19.2,,RAPLAP,0,0,,0,,room_temperature,FALSE,,TRUE,TRUE,,,
Luster Dust Silver,bakery,packet,packet,50,960,19.2,,RAPLAP,0,0,,0,,room_temperature,FALSE,,TRUE,TRUE,,,
Mascarpone,bakery,packet,packet,500,350,0.7,,DILECTA,0,0,,0,,room_temperature,FALSE,,TRUE,TRUE,,,
Milk Chocolate 35.6%,bakery,packet,packet,1000,1180,1.18,,VAN HOUTEN PROFESSIONAL,0,0,,0,,room_temperature,FALSE,,TRUE,TRUE,,,
Milk Compound,bakery,piece,individual,500,170,0.34,,MORDE,0,0,,0,,room_temperature,FALSE,,TRUE,TRUE,,,
Milk Maid,bakery,can,can,380,140.9,0.370789474,,NESTLE,0,0,,0,,room_temperature,FALSE,,TRUE,TRUE,,,
Milk Powder,bakery,packet,packet,1000,400,0.4,,SKIMMED,0,0,,0,,room_temperature,FALSE,,TRUE,TRUE,,,
Pearl Ball Red Mini,bakery,packet,packet,500,640,1.28,,RAPLAP,0,0,,0,,room_temperature,FALSE,,TRUE,TRUE,,,
Pectin,bakery,piece,individual,75,368,4.906666667,,PURIX,0,0,,0,,room_temperature,FALSE,,TRUE,TRUE,,,
Premium Eggfree Chocolate,bakery,packet,packet,5000,1258.73,0.251746,,PILLSBURY,0,0,,0,,room_temperature,FALSE,,TRUE,TRUE,,,
Premium Eggfree Vanilla,bakery,packet,packet,5000,1009.55,0.20191,,PILLSBURY,0,0,,0,,room_temperature,FALSE,,TRUE,TRUE,,,
Rose White Flavour,bakery,packet,packet,500,449.34,0.89868,,IFF,0,0,,0,,room_temperature,FALSE,,TRUE,TRUE,,,
Strawberry Frozen,bakery,packet,packet,2500,1937.5,0.775,,DIRA,0,0,,0,,room_temperature,FALSE,,TRUE,TRUE,,,
Strawverry Puree,bakery,packet,packet,1000,990,0.99,,DIRA,0,0,,0,,room_temperature,FALSE,,TRUE,TRUE,,,
Unsalted Butter,bakery,packet,packet,500,300,0.6,,PRESIDENT,0,0,,0,,room_temperature,FALSE,,TRUE,TRUE,,,
Vanilla 2000 Powder,bakery,packet,packet,500,180,0.36,,IFF,0,0,,0,,room_temperature,FALSE,,TRUE,TRUE,,,
Vanilla Flavour No1,bakery,packet,packet,500,335.28,0.67056,,IFF,0,0,,0,,room_temperature,FALSE,,TRUE,TRUE,,,
Wheat Gluten,bakery,packet,packet,1000,360,0.36,,RAPLAP,0,0,,0,,room_temperature,FALSE,,TRUE,TRUE,,,
White Chocolate,bakery,packet,packet,1000,1300,1.3,,VAN HOUTEN PROFESSIONAL,0,0,,0,,room_temperature,FALSE,,TRUE,TRUE,,,
Biscuit Rs 10,beverages_biscuits,packet,packet,1,8.6,8.6,,,0,0,,0,,room_temperature,FALSE,,TRUE,TRUE,,,
Biscuit Rs 25,beverages_biscuits,packet,packet,1,19,19,,,0,0,,0,,room_temperature,FALSE,,TRUE,TRUE,,,
Biscuit Rs 5,beverages_biscuits,packet,packet,1,4.54,4.54,,,0,0,,0,,room_temperature,FALSE,,TRUE,TRUE,,,
Coca Cola,beverages_biscuits,can,can,300,40,0.133333333,,COKE,0,0,,0,,room_temperature,FALSE,,TRUE,TRUE,,,
Cold Drink,beverages_biscuits,liter,bottle,250,18.21,0.07284,,COCA COLA,0,0,,0,,room_temperature,FALSE,,TRUE,TRUE,,,
Guava,beverages_biscuits,liter,bottle,1000,90,0.09,,REAL FRUIT JUICE,0,0,,0,,room_temperature,FALSE,,TRUE,TRUE,,,
Jeera  Drink,beverages_biscuits,liter,bottle,1,8.67,8.67,,,0,0,,0,,room_temperature,FALSE,,TRUE,TRUE,,,
Juice  125 Ml,beverages_biscuits,liter,bottle,125,8.67,0.06936,,PAPER BOAT,336,600,,0,,room_temperature,FALSE,,TRUE,TRUE,,,
Khush Sharbat,beverages_biscuits,liter,bottle,1000,227,0.227,,,0,0,,0,,room_temperature,FALSE,,TRUE,TRUE,,,
Kurkure,beverages_biscuits,packet,packet,1,9,9,,,0,0,,0,,room_temperature,FALSE,,TRUE,TRUE,,,
Lays,beverages_biscuits,packet,packet,1,9,9,,,0,0,,0,,room_temperature,FALSE,,TRUE,TRUE,,,
Mango Juice,beverages_biscuits,liter,bottle,125,8.67,0.06936,,MAAZA,0,0,,0,,room_temperature,FALSE,,TRUE,TRUE,,,
"Mango,Apple",beverages_biscuits,liter,bottle,1000,86.25,0.08625,,REAL FRUIT JUICE,0,0,,0,,room_temperature,FALSE,,TRUE,TRUE,,,
Mix Fruit Juice,beverages_biscuits,liter,bottle,600,31.79,0.052983333,,PAPER BOAT,0,0,,0,,room_temperature,FALSE,,TRUE,TRUE,,,
Muesli,beverages_biscuits,packet,packet,500,313,0.626,,BAGRRY'S,7,8,,0,,room_temperature,FALSE,,TRUE,TRUE,,,
Namkeen,beverages_biscuits,packet,packet,400,90,0.225,,,0,0,,0,,room_temperature,FALSE,,TRUE,TRUE,,,
Namkeen Rs 10,beverages_biscuits,packet,packet,1,7.55,7.55,,,0,0,,0,,room_temperature,FALSE,,TRUE,TRUE,,,
Namkeen Rs 5,beverages_biscuits,packet,packet,1,3.95,3.95,,,0,0,,0,,room_temperature,FALSE,,TRUE,TRUE,,,
"Pineapple, Mix, Orange",beverages_biscuits,liter,bottle,1000,97.49,0.09749,,REAL FRUIT JUICE,0,0,,0,,room_temperature,FALSE,,TRUE,TRUE,,,
Red Bull Energy Drink,beverages_biscuits,can,can,1,92.62,92.62,,,0,0,,0,,room_temperature,FALSE,,TRUE,TRUE,,,
Rose Marry,beverages_biscuits,packet,packet,250,180,0.72,,,5,0,,0,,room_temperature,FALSE,0,TRUE,TRUE,,,
Rose Sharbat,beverages_biscuits,liter,bottle,1000,312,0.312,,,45,0,,0,,room_temperature,FALSE,0,TRUE,TRUE,,,
Soda,beverages_biscuits,liter,bottle,300,9.17,0.030566667,,PEPSI,0,0,,0,,room_temperature,FALSE,,TRUE,TRUE,,,
Thandai,beverages_biscuits,liter,bottle,1000,345,0.345,,,0,0,,0,,room_temperature,FALSE,,TRUE,TRUE,,,
Tonic Water,beverages_biscuits,can,can,1,46.62,46.62,,,0,0,,0,,room_temperature,FALSE,,TRUE,TRUE,,,
Water Mineral,beverages_biscuits,liter,bottle,250,5,0.02,,BISLERI,0,0,,0,,room_temperature,FALSE,,TRUE,TRUE,,,
Coal Stone,coal,piece,can,1,28,28,,,0,0,,0,,room_temperature,FALSE,,TRUE,TRUE,,,
Coal Wooden,coal,piece,can,1,35,35,,,0,0,,0,,room_temperature,FALSE,,TRUE,TRUE,,,
Banana Crush,crush,liter,bottle,1,201,201,,,0,0,,0,,room_temperature,FALSE,,TRUE,TRUE,,,
Blue Curaco Cursh,crush,liter,bottle,1,276.75,276.75,,,0,0,,0,,room_temperature,FALSE,,TRUE,TRUE,,,
Guava Crush,crush,liter,bottle,750,155.79,0.20772,,,0,0,,0,,room_temperature,FALSE,,TRUE,TRUE,,,
Kivi Crush,crush,liter,bottle,1000,332,0.332,,,0,0,,0,,room_temperature,FALSE,,TRUE,TRUE,,,
Kokam Crush,crush,liter,bottle,750,193.75,0.258333333,,,0,0,,0,,room_temperature,FALSE,,TRUE,TRUE,,,
Litchi Crush 1Ltr 240/-,crush,liter,bottle,1000,196,0.196,,,0,0,,0,,room_temperature,FALSE,,TRUE,TRUE,,,
Mango Crush,crush,liter,bottle,750,186,0.248,,,0,0,,0,,room_temperature,FALSE,,TRUE,TRUE,,,
Pineapple,crush,liter,bottle,1000,196,0.196,,,2,1,,0,,room_temperature,FALSE,,TRUE,TRUE,,,
Strawverry Crush,crush,liter,bottle,750,184.5,0.246,,,0,0,,0,,room_temperature,FALSE,,TRUE,TRUE,,,
Bread,dairy,kg,packet,900,33,0.036666667,,SUPER,0,0,,0,,room_temperature,FALSE,,TRUE,TRUE,,,
Brown Bread,dairy,kg,packet,500,40,0.08,,,0,0,,0,,room_temperature,FALSE,,TRUE,TRUE,,,
Butter,dairy,kg,packet,500,257.5,0.515,,AMUL,20,5,,0,,room_temperature,FALSE,,TRUE,TRUE,,,
Butter Milk,dairy,liter,bottle,150,13.8,0.092,,AMUL,0,0,,0,,room_temperature,FALSE,,TRUE,TRUE,,,
Cheese,dairy,kg,packet,1000,505,0.505,,AMUL,0,0,,0,,room_temperature,FALSE,,TRUE,TRUE,,,
Cheese Slice,dairy,packet,packet,200,129.41,0.64705,,AMUL,0,0,,0,,room_temperature,FALSE,,TRUE,TRUE,,,
Cool,dairy,liter,bottle,180,21.8,0.121111111,,AMUL,0,0,,0,,room_temperature,FALSE,,TRUE,TRUE,,,
Cream,dairy,liter,bottle,1000,212.21,0.21221,,AMUL,3,2.5,,0,,room_temperature,FALSE,,TRUE,TRUE,,,
Ice Cream American,dairy,liter,bottle,5000,739,0.1478,,VADILAL,0,0,,0,,room_temperature,FALSE,,TRUE,TRUE,,,
Ice Cream Butter Scotch,dairy,liter,bottle,5000,584,0.1168,,VADILAL,0,0,,0,,room_temperature,FALSE,,TRUE,TRUE,,,
Ice Cream Chocolate,dairy,liter,bottle,5000,744,0.1488,,VADILAL,0,0,,0,,room_temperature,FALSE,,TRUE,TRUE,,,
Ice Cream Family Pack,dairy,packet,packet,700,287,0.41,,VADILAL,0,0,,0,,room_temperature,FALSE,,TRUE,TRUE,,,
Ice Cream Strawberry,dairy,liter,bottle,5000,536,0.1072,,VADILAL,0,0,,0,,room_temperature,FALSE,,TRUE,TRUE,,,
Ice Cream Vanilla,dairy,liter,bottle,5000,519,0.1038,,VADILAL,0,0,,0,,room_temperature,FALSE,,TRUE,TRUE,,,
Lassi,dairy,liter,bottle,200,17.57,0.08785,,AMUL,0,0,,0,,room_temperature,FALSE,,TRUE,TRUE,,,
Milk,dairy,liter,bottle,1000,48,0.048,,SARAS,0,0,,0,,room_temperature,TRUE,,TRUE,TRUE,,,
Milk Tetra,dairy,liter,bottle,1000,70.29,0.07029,,AMUL,24,84,,0,,room_temperature,FALSE,,TRUE,TRUE,,,
Mozrella Cheese,dairy,kg,packet,1000,501,0.501,,,0,0,,0,,room_temperature,FALSE,,TRUE,TRUE,,,
Paneer Barmer,dairy,kg,packet,1000,200,0.2,,,0,0,,0,,room_temperature,FALSE,,TRUE,TRUE,,,
Paneer Jain,dairy,kg,packet,1000,360,0.36,,,0,0,,0,,room_temperature,FALSE,,TRUE,TRUE,,,
"10""Cake Base Round Black-Mdf",disposal,piece,individual,1,7.79,7.79,,,0,0,,0,,room_temperature,FALSE,,TRUE,TRUE,,,
"10""Cake Base Square Black-Mdf",disposal,piece,individual,1,7.79,7.79,,,0,0,,0,,room_temperature,FALSE,,TRUE,TRUE,,,
240 Ml D/W Glass White,disposal,piece,individual,1,3.54,3.54,,,0,0,,0,,room_temperature,FALSE,,TRUE,TRUE,,,
250 Ml Paper Tray(50),disposal,packet,packet,1,145.07,145.07,,,0,0,,0,,room_temperature,FALSE,,TRUE,TRUE,,,
350 Ml Pcs Glass(12Qz),disposal,piece,individual,1,3.07,3.07,,,0,0,,0,,room_temperature,FALSE,,TRUE,TRUE,,,
4426 Paper Cups (1000Pc),disposal,piece,individual,1,315.38,315.38,,,0,0,,0,,room_temperature,FALSE,,TRUE,TRUE,,,
500 Ml Packaging Dabba Black,disposal,piece,individual,1,5.59,5.59,,,0,0,,0,,room_temperature,FALSE,,TRUE,TRUE,,,
500 Ml Paper Tray (50Pc),disposal,packet,packet,1,200.45,200.45,,,0,0,,0,,room_temperature,FALSE,,TRUE,TRUE,,,
5030 Paper Cups (1000Pc),disposal,piece,individual,1,400,400,,,0,0,,0,,room_temperature,FALSE,,TRUE,TRUE,,,
5037.5 Cups 1000Pc,disposal,piece,individual,1,420,420,,,0,0,,0,,room_temperature,FALSE,,TRUE,TRUE,,,
"8"" Cake Base Square Black-Mdf",disposal,piece,individual,1,4.48,4.48,,,0,0,,0,,room_temperature,FALSE,,TRUE,TRUE,,,
"8""Cake Base Round Black -Mdf",disposal,piece,individual,1,4.48,4.48,,,0,0,,0,,room_temperature,FALSE,,TRUE,TRUE,,,
92 Dia Pet Flat Lid With Dhkan,disposal,piece,individual,1,1.18,1.18,,,0,0,,0,,room_temperature,FALSE,,TRUE,TRUE,,,
Acrylic Containerrectangle300M,disposal,piece,individual,1,25,25,,,0,0,,0,,room_temperature,FALSE,,TRUE,TRUE,,,
"Acrylic Small Rectangle Desert
Box (N59)",disposal,piece,individual,1,25,25,,,0,0,,0,,room_temperature,FALSE,,TRUE,TRUE,,,
Bolo Paper Cups,disposal,piece,individual,1,9.99,9.99,,,0,0,,0,,room_temperature,FALSE,,TRUE,TRUE,,,
Bread Panni,disposal,packet,packet,1000,190,0.19,,,0,0,,0,,room_temperature,FALSE,,TRUE,TRUE,,,
Butter Paper Roll,disposal,liter,roll,1,155,155,,,0,0,,0,,room_temperature,FALSE,,TRUE,TRUE,,,
"Butter Paper Roll
Butter Paper Roll",disposal,liter,roll,1,155,155,,,0,0,,0,,room_temperature,FALSE,,TRUE,TRUE,,,
C Fold Paper,disposal,packet,packet,1,34,34,,,13,42,,0,,room_temperature,FALSE,,TRUE,TRUE,,,
Cake Base Board 10*10,disposal,piece,individual,1,9.99,9.99,,,0,0,,0,,room_temperature,FALSE,,TRUE,TRUE,,,
Cake Base Board 14*14,disposal,piece,individual,1,25,25,,,0,0,,0,,room_temperature,FALSE,,TRUE,TRUE,,,
Cake Base Board 16*16,disposal,piece,individual,1,30,30,,,0,0,,0,,room_temperature,FALSE,,TRUE,TRUE,,,
Cake Base Board Board 8*8,disposal,piece,individual,1,8,8,,,0,0,,0,,room_temperature,FALSE,,TRUE,TRUE,,,
Cake Base Raound 5*5,disposal,piece,individual,1,5,5,,,0,0,,0,,room_temperature,FALSE,,TRUE,TRUE,,,
Cake Box 10*10,disposal,piece,individual,1,16.8,16.8,,,0,0,,0,,room_temperature,FALSE,,TRUE,TRUE,,,
Cake Box 8*8,disposal,piece,individual,1,13.44,13.44,,,0,0,,0,,room_temperature,FALSE,,TRUE,TRUE,,,
Cap Chef Paper A,disposal,piece,individual,1,6.17,6.17,,,0,0,,0,,room_temperature,FALSE,,TRUE,TRUE,,,
Cap Kitchen,disposal,packet,packet,1,46.2,46.2,,,0,0,,0,,room_temperature,FALSE,,TRUE,TRUE,,,
"Carry Bag Plastic
Carry Bag  Plastic",disposal,kg,packet,1,135.64,135.64,,,0,0,,0,,room_temperature,FALSE,,TRUE,TRUE,,,
Clean Foil,disposal,liter,roll,1,269,269,,,3,4,,0,,room_temperature,FALSE,,TRUE,TRUE,,,
Container Black  500 Ml,disposal,piece,individual,1,5.25,5.25,,,0,0,,0,,room_temperature,FALSE,,TRUE,TRUE,,,
Container Black 100 Ml,disposal,piece,individual,1,2.24,2.24,,,0,0,,0,,room_temperature,FALSE,,TRUE,TRUE,,,
Container Black 1000 Ml,disposal,piece,individual,1,6.54,6.54,,,0,0,,0,,room_temperature,FALSE,,TRUE,TRUE,,,
Container Black 250 Ml,disposal,piece,individual,1,2.46,2.46,,,0,0,,0,,room_temperature,FALSE,,TRUE,TRUE,,,
Container Black 300 Ml,disposal,piece,individual,1,4.6,4.6,,,0,0,,0,,room_temperature,FALSE,,TRUE,TRUE,,,
Container Black 400 Ml,disposal,piece,individual,1,5,5,,,0,0,,0,,room_temperature,FALSE,,TRUE,TRUE,,,
Container Black 650 Ml,disposal,piece,individual,1,7.38,7.38,,,0,0,,0,,room_temperature,FALSE,,TRUE,TRUE,,,
Disposal Ice Cream Cup,disposal,packet,packet,1,84,84,,,0,0,,0,,room_temperature,FALSE,,TRUE,TRUE,,,
Disposal Paper Glass,disposal,packet,packet,1,28.5,28.5,,,0,0,,0,,room_temperature,FALSE,,TRUE,TRUE,,,
Disposal Plate,disposal,packet,packet,1,8.5,8.5,,,75,35,,0,,room_temperature,FALSE,,TRUE,TRUE,,,
Disposal Spoon,disposal,packet,packet,1,41,41,,,0,0,,0,,room_temperature,FALSE,,TRUE,TRUE,,,
Disposal Tea Cup,disposal,packet,packet,1,13.27,13.27,,,35,90,,0,,room_temperature,FALSE,,TRUE,TRUE,,,
Disposal Water Glass,disposal,packet,packet,1,35,35,,,0,0,,0,,room_temperature,FALSE,,TRUE,TRUE,,,
Food Sample Pouch,disposal,packet,packet,1,30,30,,,0,4,,0,,room_temperature,FALSE,,TRUE,TRUE,,,
Meal Tray,disposal,piece,individual,1,5.87,5.87,,,0,0,,0,,room_temperature,FALSE,,TRUE,TRUE,,,
"Meal Tray 8Cp
Meal Tray 8Cp",disposal,piece,individual,1,21.24,21.24,,,0,0,,0,,room_temperature,FALSE,,TRUE,TRUE,,,
Napkin Paper,disposal,packet,packet,1,23.77,23.77,,,200,30,,0,,room_temperature,FALSE,,TRUE,TRUE,,,
Packing Roll,disposal,liter,roll,1,240,240,,,0,0,,0,,room_temperature,FALSE,,TRUE,TRUE,,,
Pastry Box 5*5,disposal,piece,individual,1,5.43,5.43,,,0,0,,0,,room_temperature,FALSE,,TRUE,TRUE,,,
Pizza Box 10*10,disposal,piece,individual,1,11.54,11.54,,,0,0,,0,,room_temperature,FALSE,,TRUE,TRUE,,,
Plain Paper Bag 23*18*15 Small,disposal,piece,individual,1,4.72,4.72,,,0,0,,0,,room_temperature,FALSE,,TRUE,TRUE,,,
Plain Paper Bag 30*21*18 Big,disposal,piece,individual,1,7.08,7.08,,,0,0,,0,,room_temperature,FALSE,,TRUE,TRUE,,,
Plastic Carry Bag 1 Kg,disposal,kg,packet,1,280,280,,,0,0,,0,,room_temperature,FALSE,,TRUE,TRUE,,,
Service Hand Gloves,disposal,packet,packet,1,33,33,,,0,0,,0,,room_temperature,FALSE,,TRUE,TRUE,,,
"Silver 6*8
Silver 6*8",disposal,packet,packet,1,88.29,88.29,,,0,0,,0,,room_temperature,FALSE,,TRUE,TRUE,,,
Silver Bag 6*8,disposal,packet,packet,1,90,90,,,0,0,,0,,room_temperature,FALSE,,TRUE,TRUE,,,
Silver Bag 8*10,disposal,packet,packet,1,100,100,,,0,0,,0,,room_temperature,FALSE,,TRUE,TRUE,,,
Silver Foil,disposal,liter,roll,1,351,351,,,2,4,,0,,room_temperature,FALSE,,TRUE,TRUE,,,
"Silver8*10
Silver8*10",disposal,packet,packet,1,68.75,68.75,,,0,0,,0,,room_temperature,FALSE,,TRUE,TRUE,,,
Small Dream Tin,disposal,packet,packet,1,30,30,,,0,0,,0,,room_temperature,FALSE,,TRUE,TRUE,,,
Square Food Container (50),disposal,packet,packet,50,920,18.4,,,0,0,,0,,room_temperature,FALSE,,TRUE,TRUE,,,
Stick Strier,disposal,packet,packet,1,45,45,,,0,0,,0,,room_temperature,FALSE,,TRUE,TRUE,,,
Stirrer Big,disposal,piece,individual,1,1.26,1.26,,,0,0,,0,,room_temperature,FALSE,,TRUE,TRUE,,,
Stirrer Small,disposal,piece,individual,1,1.15,1.15,,,0,0,,0,,room_temperature,FALSE,,TRUE,TRUE,,,
Straw Pipe,disposal,packet,packet,1,33.62,33.62,,,0,0,,0,,room_temperature,FALSE,,TRUE,TRUE,,,
Tissue Box,disposal,box,box,1,31.86,31.86,,,0,0,,0,,room_temperature,FALSE,,TRUE,TRUE,,,
Tissue Paper,disposal,packet,packet,1,23,23,,,0,0,,0,,room_temperature,FALSE,,TRUE,TRUE,,,
Tissue Roll,disposal,liter,roll,1,1563,1563,,,0,0,,0,,room_temperature,FALSE,,TRUE,TRUE,,,
Toilet Roll,disposal,liter,roll,1,7.25,7.25,,,0,120,,0,,room_temperature,FALSE,,TRUE,TRUE,,,
Triangle Pastry Box,disposal,packet,packet,100,949.99,9.4999,,,0,0,,0,,room_temperature,FALSE,,TRUE,TRUE,,,
Atta 00 Piza Flour,flour,kg,packet,1000,135,0.135,,,0,0,,0,,room_temperature,FALSE,,TRUE,TRUE,,,
Atta Wheat,flour,kg,packet,30,33.4,1.113333333,,TAPARIA,930,280,,0,,room_temperature,FALSE,,TRUE,TRUE,,,
Besan,flour,kg,packet,1000,94.5,0.0945,,TAPARIA,10,0,,0,,room_temperature,FALSE,,TRUE,TRUE,,,
Corn Flour,flour,kg,packet,1000,60,0.06,,,2,2,,0,,room_temperature,FALSE,,TRUE,TRUE,,,
Maida,flour,kg,packet,45,35,0.777777778,,TAPARIA,90,18,,0,,room_temperature,FALSE,,TRUE,TRUE,,,
Gas,gas,piece,tank,1,1900,1900,,,0,11,,0,,room_temperature,FALSE,,TRUE,TRUE,,,
Dalda Ghee,ghee,kg,packet,1000,140,0.14,,SCOTTER,0,0,,0,,room_temperature,FALSE,,TRUE,TRUE,,,
Desi Ghee,ghee,kg,packet,1000,500,0.5,,KSHEER,5,4,,0,,room_temperature,FALSE,,TRUE,TRUE,,,
9 V Battery,house_keeping,piece,individual,1,180,180,,,0,0,,0,,room_temperature,FALSE,,TRUE,TRUE,,,
Aa Cell,house_keeping,piece,individual,1,5.5,5.5,,,0,0,,0,,room_temperature,FALSE,,TRUE,TRUE,,,
Aa Duro Cell,house_keeping,piece,individual,1,36.39,36.39,,,0,0,,0,,room_temperature,FALSE,,TRUE,TRUE,,,
Aaa Cell,house_keeping,piece,individual,1,5,5,,,0,0,,0,,room_temperature,FALSE,,TRUE,TRUE,,,
Agarbatti,house_keeping,packet,packet,1,40,40,,,0,0,,0,,room_temperature,FALSE,,TRUE,TRUE,,,
All Out Machine,house_keeping,piece,individual,1,80,80,,,0,0,,0,,room_temperature,FALSE,,TRUE,TRUE,,,
All Out Refil,house_keeping,piece,individual,1,55,55,,,0,0,,0,,room_temperature,FALSE,,TRUE,TRUE,,,
All Purpose Kit,house_keeping,piece,individual,1,3.54,3.54,,,0,0,,0,,room_temperature,FALSE,,TRUE,TRUE,,,
Bleaching Powder,house_keeping,kg,packet,1,51,51,,,0,0,,0,,room_temperature,FALSE,,TRUE,TRUE,,,
Body Wash,house_keeping,piece,individual,1,8.85,8.85,,,0,0,,0,,room_temperature,FALSE,,TRUE,TRUE,,,
Bodywash,house_keeping,liter,bottle,5000,180.09,0.036018,,,0,0,,0,,room_temperature,FALSE,,TRUE,TRUE,,,
Broom Danda,house_keeping,piece,individual,1,428.57,428.57,,,0,0,,0,,room_temperature,FALSE,,TRUE,TRUE,,,
Broom Phool,house_keeping,piece,individual,1,70,70,,,0,0,,0,,room_temperature,FALSE,,TRUE,TRUE,,,
Caustic Powder,house_keeping,kg,packet,1,52.41,52.41,,,0,14,,0,,room_temperature,FALSE,,TRUE,TRUE,,,
Comb,house_keeping,piece,individual,1,5.12,5.12,,,0,0,,0,,room_temperature,FALSE,,TRUE,TRUE,,,
Coster,house_keeping,piece,individual,1,1.7,1.7,,,0,0,,0,,room_temperature,FALSE,,TRUE,TRUE,,,
Cottan Siliper,house_keeping,pair,pair,1,30.54,30.54,,,0,0,,0,,room_temperature,FALSE,,TRUE,TRUE,,,
Coular Patti,house_keeping,piece,individual,1,70,70,,,0,3,,0,,room_temperature,FALSE,,TRUE,TRUE,,,
Dental Kit,house_keeping,piece,individual,1,10.58,10.58,,,0,0,,0,,room_temperature,FALSE,,TRUE,TRUE,,,
Dental Kit (Paste & Brush),house_keeping,packet,packet,1,11.8,11.8,,,0,0,,0,,room_temperature,FALSE,,TRUE,TRUE,,,
Dettol Soap,house_keeping,piece,individual,1,8.89,8.89,,,375,200,,0,,room_temperature,FALSE,,TRUE,TRUE,,,
Dhaga,house_keeping,packet,individual,1,80,80,,,0,3,,0,,room_temperature,FALSE,,TRUE,TRUE,,,
Dnd Card,house_keeping,piece,individual,1,10.03,10.03,,,0,0,,0,,room_temperature,FALSE,,TRUE,TRUE,,,
Drawing Pin1*10Nos,house_keeping,packet,packet,1,110.25,110.25,,,0,0,,0,,room_temperature,FALSE,,TRUE,TRUE,,,
Dry Mop,house_keeping,piece,individual,1,220.8,220.8,,,3,1,,0,,room_temperature,FALSE,,TRUE,TRUE,,,
Duro D2 Cell,house_keeping,piece,individual,1,162.5,162.5,,,0,0,,0,,room_temperature,FALSE,,TRUE,TRUE,,,
Dustbin 120 Ltr,house_keeping,piece,individual,1,2250,2250,,,0,0,,0,,room_temperature,FALSE,,TRUE,TRUE,,,
Duster White,house_keeping,piece,individual,1,11.3,11.3,,,2,2,,0,,room_temperature,FALSE,,TRUE,TRUE,,,
Electric Bat,house_keeping,piece,individual,1,475,475,,,0,0,,0,,room_temperature,FALSE,,TRUE,TRUE,,,
Exl Bar Soap,house_keeping,piece,individual,1,8.71,8.71,,,38,60,,0,,room_temperature,FALSE,,TRUE,TRUE,,,
Finayal,house_keeping,liter,bottle,5000,27.14,0.005428,,,15,10,,0,,room_temperature,FALSE,,TRUE,TRUE,,,
Garbege Bags  ( All ),house_keeping,kg,packet,1000,123.9,0.1239,,,0,10,,0,,room_temperature,FALSE,,TRUE,TRUE,,,
Hair Oil,house_keeping,packet,individual,100,85,0.85,,,0,0,,0,,room_temperature,FALSE,,TRUE,TRUE,,,
Hand Gloves,house_keeping,packet,individual,100,27.97,0.2797,,,12,1,,0,,room_temperature,FALSE,,TRUE,TRUE,,,
Handwash,house_keeping,liter,bottle,5000,36,0.0072,,,5,0,,0,,room_temperature,FALSE,,TRUE,TRUE,,,
Kapoor Goli,house_keeping,packet,individual,1000,116,0.116,,,0,0,,0,,room_temperature,FALSE,,TRUE,TRUE,,,
Ker Kit,house_keeping,piece,individual,1,5.8,5.8,,,0,0,,0,,room_temperature,FALSE,,TRUE,TRUE,,,
Kot Roll,house_keeping,liter,roll,1,65,65,,,0,0,,0,,room_temperature,FALSE,,TRUE,TRUE,,,
Lakej Tag,house_keeping,piece,individual,1,2.12,2.12,,,0,0,,0,,room_temperature,FALSE,,TRUE,TRUE,,,
Laundry Bag H.K.I,house_keeping,piece,individual,1,9.44,9.44,,,0,0,,0,,room_temperature,FALSE,,TRUE,TRUE,,,
Laundry Bag Site,house_keeping,piece,individual,1,30,30,,,0,0,,0,,room_temperature,FALSE,,TRUE,TRUE,,,
Lemon Soap With Ki Logo,house_keeping,piece,individual,1,4.72,4.72,,,0,0,,0,,room_temperature,FALSE,,TRUE,TRUE,,,
Lock,house_keeping,piece,individual,1,30,30,,,0,0,,0,,room_temperature,FALSE,,TRUE,TRUE,,,
Lux Soap,house_keeping,piece,individual,1,8.51,8.51,,,0,0,,0,,room_temperature,FALSE,,TRUE,TRUE,,,
Match Pc,house_keeping,piece,individual,1,0.75,0.75,,,0,0,,0,,room_temperature,FALSE,,TRUE,TRUE,,,
Odonil,house_keeping,piece,individual,1,25.51,25.51,,,10,58,,0,,room_temperature,FALSE,,TRUE,TRUE,,,
Pci Hit,house_keeping,piece,individual,1,115.69,115.69,,,0,0,,0,,room_temperature,FALSE,,TRUE,TRUE,,,
Pears Soap,house_keeping,piece,individual,1,19.62,19.62,,,0,0,,0,,room_temperature,FALSE,,TRUE,TRUE,,,
Reva Sense 5Ltr,house_keeping,liter,bottle,5000,165.2,0.03304,,,0,0,,0,,room_temperature,FALSE,,TRUE,TRUE,,,
Ring Rabar,house_keeping,kg,packet,1000,200,0.2,,,0,0,,0,,room_temperature,FALSE,,TRUE,TRUE,,,
Room Spray,house_keeping,piece,individual,1,114.13,114.13,,,1,1,,0,,room_temperature,FALSE,,TRUE,TRUE,,,
Scrub Pad,house_keeping,packet,individual,1,23,23,,,2,3,,0,,room_temperature,FALSE,,TRUE,TRUE,,,
Shampoo,house_keeping,liter,bottle,5000,180.09,0.036018,,,0,0,,0,,room_temperature,FALSE,,TRUE,TRUE,,,
Shampoo Clinic Plus,house_keeping,pouch,pouch,1,0.73,0.73,,,960,700,,0,,room_temperature,FALSE,,TRUE,TRUE,,,
Shaving Kit (Razor & Cream),house_keeping,packet,packet,1,13.57,13.57,,,0,0,,0,,room_temperature,FALSE,,TRUE,TRUE,,,
Shoe Shine,house_keeping,piece,individual,1,6.49,6.49,,,0,0,,0,,room_temperature,FALSE,,TRUE,TRUE,,,
Shower Cap,house_keeping,packet,packet,1,4.53,4.53,,,0,0,,0,,room_temperature,FALSE,,TRUE,TRUE,,,
Skin Lotion,house_keeping,liter,bottle,5000,180.09,0.036018,,,0,0,,0,,room_temperature,FALSE,,TRUE,TRUE,,,
Steel Wool Roll,house_keeping,liter,roll,5000,1416,0.2832,,,0,0,,0,,room_temperature,FALSE,,TRUE,TRUE,,,
Stick Mop,house_keeping,piece,individual,1,153.4,153.4,,,0,1,,0,,room_temperature,FALSE,,TRUE,TRUE,,,
Su Shayner,house_keeping,piece,individual,1,6.49,6.49,,,0,0,,0,,room_temperature,FALSE,,TRUE,TRUE,,,
Surf Excel,house_keeping,packet,individual,500,58,0.116,,,6,0,,0,,room_temperature,FALSE,,TRUE,TRUE,,,
Taski 100 L Crystal,house_keeping,kg,packet,1,274.27,274.27,,,0,0,,0,,room_temperature,FALSE,,TRUE,TRUE,,,
Taski Action Powder,house_keeping,kg,packet,1,314.7,314.7,,,0,0,,0,,room_temperature,FALSE,,TRUE,TRUE,,,
Taski Emrail,house_keeping,can,can,5000,157.88,0.031576,,,0,0,,0,,room_temperature,FALSE,,TRUE,TRUE,,,
Taski Extra Soft,house_keeping,can,can,5000,250,0.05,,,0,0,,0,,room_temperature,FALSE,,TRUE,TRUE,,,
Taski H 100,house_keeping,can,can,5000,187.85,0.03757,,,0,0,,0,,room_temperature,FALSE,,TRUE,TRUE,,,
Taski Hypo,house_keeping,liter,bottle,50,65.07,1.3014,,,18,6,,0,,room_temperature,FALSE,,TRUE,TRUE,,,
Taski Machine Paid,house_keeping,piece,individual,1,491.33,491.33,,,0,0,,0,,room_temperature,FALSE,,TRUE,TRUE,,,
Taski Nobile Plus,house_keeping,can,can,5000,1825.46,0.365092,,,0,0,,0,,room_temperature,FALSE,,TRUE,TRUE,,,
Taski R-1,house_keeping,piece,can,5000,215.48,0.043096,,,2,1,,0,,room_temperature,FALSE,,TRUE,TRUE,,,
Taski R-2,house_keeping,piece,can,5000,182.39,0.036478,,,0,0,,0,,room_temperature,FALSE,,TRUE,TRUE,,,
Taski R-3,house_keeping,piece,can,5000,249.03,0.049806,,,1,0.5,,0,,room_temperature,FALSE,,TRUE,TRUE,,,
Taski R-4,house_keeping,piece,can,5000,349.23,0.069846,,,0,0,,0,,room_temperature,FALSE,,TRUE,TRUE,,,
Taski R-5,house_keeping,piece,can,5000,183.48,0.036696,,,0,1,,0,,room_temperature,FALSE,,TRUE,TRUE,,,
Taski R-6,house_keeping,piece,can,5000,130.11,0.026022,,,2,1,,0,,room_temperature,FALSE,,TRUE,TRUE,,,
Taski R-7,house_keeping,piece,can,5000,100.84,0.020168,,,0,0,,0,,room_temperature,FALSE,,TRUE,TRUE,,,
Taski R-9,house_keeping,piece,can,5000,190.72,0.038144,,,0,0,,0,,room_temperature,FALSE,,TRUE,TRUE,,,
Taski R6 500Ml,house_keeping,piece,individual,500,63.23,0.12646,,,0,0,,0,,room_temperature,FALSE,,TRUE,TRUE,,,
Taski Suma D7.1,house_keeping,liter,bottle,5000,298.17,0.059634,,,0,1,,0,,room_temperature,FALSE,,TRUE,TRUE,,,
Taski Suma Date,house_keeping,piece,can,5000,128.27,0.025654,,,10,2,,0,,room_temperature,FALSE,,TRUE,TRUE,,,
Taski Suma Dip -K1,house_keeping,liter,bottle,5000,204.93,0.040986,,,0,0,,0,,room_temperature,FALSE,,TRUE,TRUE,,,
Taski Suma Drain,house_keeping,piece,can,5000,159.35,0.03187,,,0,0,,0,,room_temperature,FALSE,,TRUE,TRUE,,,
Taski Suma Grill D9,house_keeping,liter,bottle,5000,284.84,0.056968,,,0,0,,0,,room_temperature,FALSE,,TRUE,TRUE,,,
Taski Suma Multi,house_keeping,liter,bottle,5000,96.68,0.019336,,,0,0,,0,,room_temperature,FALSE,,TRUE,TRUE,,,
Taski Suma Select,house_keeping,liter,bottle,25,417.34,16.6936,,,0,0,,0,,room_temperature,FALSE,,TRUE,TRUE,,,
Taski Suma Ultra,house_keeping,liter,bottle,5000,517.9,0.10358,,,0,0,,0,,room_temperature,FALSE,,TRUE,TRUE,,,
Taski Suprime Powder,house_keeping,kg,packet,25,248.43,9.9372,,,0,0,,0,,room_temperature,FALSE,,TRUE,TRUE,,,
Taski Terranova,house_keeping,liter,bottle,1,437.42,437.42,,,0,0,,0,,room_temperature,FALSE,,TRUE,TRUE,,,
Taski Urinal Screen,house_keeping,piece,individual,1,448.06,448.06,,,0,0,,0,,room_temperature,FALSE,,TRUE,TRUE,,,
Taski-200S,house_keeping,can,can,1,592.7,592.7,,,0,0,,0,,room_temperature,FALSE,,TRUE,TRUE,,,
Vim Bar,house_keeping,packet,individual,1,9.35,9.35,,,0,0,,0,,room_temperature,FALSE,,TRUE,TRUE,,,
W/C Brush,house_keeping,piece,individual,1,88.84,88.84,,,2,1,,0,,room_temperature,FALSE,,TRUE,TRUE,,,
Wc Bend,house_keeping,packet,packet,1,0.82,0.82,,,0,0,,0,,room_temperature,FALSE,,TRUE,TRUE,,,
Wc- Band,house_keeping,piece,individual,1,0.71,0.71,,,0,0,,0,,room_temperature,FALSE,,TRUE,TRUE,,,
Wipper Big,house_keeping,piece,individual,1,177,177,,,0,1,,0,,room_temperature,FALSE,,TRUE,TRUE,,,
Wipper Small,house_keeping,piece,individual,1,141.6,141.6,,,0,2,,0,,room_temperature,FALSE,,TRUE,TRUE,,,
Ajinomoto,kitchen,kg,packet,500,90,0.18,,GOLDEN CROWN,2,0.5,,0,,room_temperature,FALSE,,TRUE,TRUE,,,
American Corn,kitchen,packet,packet,1000,75,0.075,,FRESH O GREEN,0,0,,0,,room_temperature,FALSE,,TRUE,TRUE,,,
Amsur Powder,kitchen,kg,packet,1000,194.95,0.19495,,,0,0,,0,,room_temperature,FALSE,,TRUE,TRUE,,,
Baked Beans 440Gm,kitchen,kg,packet,440,46.2,0.105,,,0,0,,0,,room_temperature,FALSE,,TRUE,TRUE,,,
Bourn Vita,kitchen,kg,packet,1000,410,0.41,,CADBURY,0,0,,0,,room_temperature,FALSE,,TRUE,TRUE,,,
Bread Crums,kitchen,packet,packet,1000,125,0.125,,,0,0,,0,,room_temperature,FALSE,,TRUE,TRUE,,,
Chilli Flakes,kitchen,kg,packet,1000,400,0.4,,VIVA,0,0,,0,,room_temperature,FALSE,,TRUE,TRUE,,,
Choco Flakes,kitchen,packet,packet,375,115.15,0.307066667,,SHANTIS,2,4,,0,,room_temperature,FALSE,,TRUE,TRUE,,,
Chocolate Topping 1Ltr,kitchen,liter,bottle,1000,238,0.238,,,0,0,,0,,room_temperature,FALSE,,TRUE,TRUE,,,
Coconut Powder,kitchen,kg,packet,1000,288,0.288,,AMIRAS,11,2,,0,,room_temperature,FALSE,,TRUE,TRUE,,,
Coconut Water,kitchen,piece,individual,1,23.63,23.63,,,0,0,,0,,room_temperature,FALSE,,TRUE,TRUE,,,
Coffee,kitchen,kg,packet,1000,1036,1.036,,TATA,0.2,0,,0,,room_temperature,FALSE,,TRUE,TRUE,,,
Coffee Esspresso Blend,kitchen,kg,packet,1000,1509,1.509,,,0,0,,0,,room_temperature,FALSE,,TRUE,TRUE,,,
Coffee Powder 500 Grm,kitchen,packet,packet,500,1779,3.558,,,0,0,,0,,room_temperature,FALSE,,TRUE,TRUE,,,
"Cooking Soda
Cooking Soda",kitchen,packet,packet,100,10,0.1,,,0,0,,0,,room_temperature,FALSE,,TRUE,TRUE,,,
Corn Flakes,kitchen,packet,packet,500,54.8,0.1096,,SHANTIS,28,10,,0,,room_temperature,FALSE,,TRUE,TRUE,,,
Custard Powder,kitchen,kg,packet,1000,95,0.095,,BUTTER FLY,0,1,,0,,room_temperature,FALSE,,TRUE,TRUE,,,
Food Color,kitchen,can,can,100,80,0.8,,BUSH,1,1,,0,,room_temperature,FALSE,,TRUE,TRUE,,,
French Fry,kitchen,kg,packet,3000,396,0.132,,,0,0,,0,,room_temperature,FALSE,,TRUE,TRUE,,,
Garlic,kitchen,kg,packet,1000,76,0.076,,,41,7,,0,,room_temperature,FALSE,,TRUE,TRUE,,,
Garlic Powder 4 225Mrp,kitchen,packet,packet,400,191.25,0.478125,,,0,0,,0,,room_temperature,FALSE,,TRUE,TRUE,,,
Green Elaichi,kitchen,kg,packet,100,3200,32,,,0,0,,0,,room_temperature,FALSE,,TRUE,TRUE,,,
Green Peas,kitchen,kg,packet,5000,450,0.09,,,15,0,,0,,room_temperature,FALSE,,TRUE,TRUE,,,
Gulab Jamun Powder,kitchen,kg,packet,200,107,0.535,,GITS,27,11,,0,,room_temperature,FALSE,,TRUE,TRUE,,,
Gur (Jaggery),kitchen,kg,packet,1000,42.97,0.04297,,,13,4,,0,,room_temperature,FALSE,,TRUE,TRUE,,,
Gurd,kitchen,kg,packet,1000,240,0.24,,,0,0,,0,,room_temperature,FALSE,,TRUE,TRUE,,,
Hershey Syrup Chocolate,kitchen,liter,bottle,1,186.85,186.85,,,0,0,,0,,room_temperature,FALSE,,TRUE,TRUE,,,
Honey,kitchen,liter,bottle,1000,343,0.343,,PATANJALI,0,0,,0,,room_temperature,FALSE,,TRUE,TRUE,,,
Imli,kitchen,kg,packet,1000,125,0.125,,,3,2,,0,,room_temperature,FALSE,,TRUE,TRUE,,,
Itli Rawa,kitchen,kg,packet,1000,40,0.04,,,12,7,,0,,room_temperature,FALSE,,TRUE,TRUE,,,
Jal Jeera Powder,kitchen,packet,packet,1,126.26,126.26,,,0,0,,0,,room_temperature,FALSE,,TRUE,TRUE,,,
Jalepeno Slice 850G Habit Jar,kitchen,jar,jar,850,101.25,0.119117647,,,0,0,,0,,room_temperature,FALSE,,TRUE,TRUE,,,
Kaju Soora,kitchen,kg,packet,1000,450,0.45,,,0,0,,0,,room_temperature,FALSE,,TRUE,TRUE,,,
Kaju Tukda,kitchen,kg,packet,1000,822,0.822,,,0.2,0.7,,0,,room_temperature,FALSE,,TRUE,TRUE,,,
Kaju Whole,kitchen,kg,packet,1000,826,0.826,,,0,0,,0,,room_temperature,FALSE,,TRUE,TRUE,,,
Ker,kitchen,kg,packet,1000,932,0.932,,,0,0,,0,,room_temperature,FALSE,,TRUE,TRUE,,,
Kery Pudina,kitchen,liter,bottle,1000,242.25,0.24225,,,0,0,,0,,room_temperature,FALSE,,TRUE,TRUE,,,
Kesar,kitchen,packet,packet,1,128,128,,,0,0,,0,,room_temperature,FALSE,,TRUE,TRUE,,,
Khaman Dhokla,kitchen,packet,packet,1000,195,0.195,,GANPATI,0,0,,0,,room_temperature,FALSE,,TRUE,TRUE,,,
Laung (Clove),kitchen,kg,packet,1000,825,0.825,,,0,0,,0,,room_temperature,FALSE,,TRUE,TRUE,,,
Magaj,kitchen,kg,packet,1000,465,0.465,,ASHOK INDUSTRIES,13,4,,0,,room_temperature,FALSE,,TRUE,TRUE,,,
Maggi,kitchen,packet,packet,1680,310,0.18452381,,MAGGI,0,0,,0,,room_temperature,FALSE,,TRUE,TRUE,,,
Moong Badi,kitchen,kg,packet,1000,125,0.125,,MAMTA,0,0,,0,,room_temperature,FALSE,,TRUE,TRUE,,,
Murmura,kitchen,kg,packet,500,37.15,0.0743,,,3,1,,0,,room_temperature,FALSE,,TRUE,TRUE,,,
Noodles,kitchen,kg,packet,800,56.25,0.0703125,,GOLDEN CROWN,1,0.5,,0,,room_temperature,FALSE,,TRUE,TRUE,,,
Oregano,kitchen,kg,packet,1000,350,0.35,,VIVA,0,0,,0,,room_temperature,FALSE,,TRUE,TRUE,,,
Pani Puri,kitchen,kg,packet,1000,95,0.095,,AMAZING,0,0,,0,,room_temperature,FALSE,,TRUE,TRUE,,,
Pasta Lasaniya,kitchen,packet,packet,500,250,0.5,,,0,0,,0,,room_temperature,FALSE,,TRUE,TRUE,,,
Pasta Macroni,kitchen,kg,packet,1000,58,0.058,,ZILLI MILLI,0,0,,0,,room_temperature,FALSE,,TRUE,TRUE,,,
Pasta Penne,kitchen,kg,packet,1000,58,0.058,,ZILLI MILLI,0,0,,0,,room_temperature,FALSE,,TRUE,TRUE,,,
Peanut,kitchen,kg,packet,1000,91.64,0.09164,,,8,4,,0,,room_temperature,FALSE,,TRUE,TRUE,,,
Poha,kitchen,kg,packet,1000,52,0.052,,TAPARIA,11,6,,0,,room_temperature,FALSE,,TRUE,TRUE,,,
Sabudana,kitchen,kg,packet,500,36.5,0.073,,,14,0,,0,,room_temperature,FALSE,,TRUE,TRUE,,,
Sangari,kitchen,kg,packet,1000,798,0.798,,,0,0,,0,,room_temperature,FALSE,,TRUE,TRUE,,,
Saunf,kitchen,kg,packet,1000,345.71,0.34571,,,3,1,,0,,room_temperature,FALSE,,TRUE,TRUE,,,
Sev Barik,kitchen,kg,packet,1000,210,0.21,,,0,1,,0,,room_temperature,FALSE,,TRUE,TRUE,,,
Sev Mota,kitchen,kg,packet,1000,200,0.2,,,14,3,,0,,room_temperature,FALSE,,TRUE,TRUE,,,
Soya Bean Badi,kitchen,kg,packet,1000,61.5,0.0615,,RUCHI,2,3,,0,,room_temperature,FALSE,,TRUE,TRUE,,,
Spaghetti,kitchen,kg,packet,500,65,0.13,,GOLDEN CROWN,0,0,,0,,room_temperature,FALSE,,TRUE,TRUE,,,
Suji,kitchen,kg,packet,1000,45,0.045,,TAPARIA,12,4,,0,,room_temperature,FALSE,,TRUE,TRUE,,,
Tahina Paste 1Kg,kitchen,can,can,1000,890,0.89,,,0,0,,0,,room_temperature,FALSE,,TRUE,TRUE,,,
Tea Lal Ghoda,kitchen,kg,packet,1000,277,0.277,,TATA,11,5,,0,,room_temperature,FALSE,,TRUE,TRUE,,,
Tooth Pick,kitchen,liter,bottle,50,8.8,0.176,,SILVER,1,4,,0,,room_temperature,FALSE,,TRUE,TRUE,,,
Tutit Frutti,kitchen,kg,packet,400,33,0.0825,,,0,2,,0,,room_temperature,FALSE,,TRUE,TRUE,,,
Vermicelli,kitchen,kg,packet,800,80.75,0.1009375,,BAMBINO,9,8,,0,,room_temperature,FALSE,,TRUE,TRUE,,,
White Dalia,kitchen,kg,packet,1000,40,0.04,,JAGDISH,3,2,,0,,room_temperature,FALSE,,TRUE,TRUE,,,
White Til,kitchen,packet,packet,1000,72,0.072,,,0,0,,0,,room_temperature,FALSE,,TRUE,TRUE,,,
Chicken,non_veg,kg,packet,1000,172,0.172,,,21,0,,0,,room_temperature,FALSE,,TRUE,TRUE,,,
Chicken Sauce,non_veg,kg,packet,1000,500,0.5,,,0,0,,0,,room_temperature,FALSE,,TRUE,TRUE,,,
Egg,non_veg,piece,individual,50,4.93,0.0986,,,480,0,,0,,room_temperature,FALSE,,TRUE,TRUE,,,
Fish Basa,non_veg,kg,packet,1000,252,0.252,,,0,0,,0,,room_temperature,FALSE,,TRUE,TRUE,,,
Fish Fungus,non_veg,kg,packet,1000,120,0.12,,,8.7,0,,0,,room_temperature,FALSE,,TRUE,TRUE,,,
Fish Rohu,non_veg,kg,packet,1000,160,0.16,,,0,0,,0,,room_temperature,FALSE,,TRUE,TRUE,,,
Mutton Curry Cut,non_veg,kg,packet,1000,500,0.5,,,0,0,,0,,room_temperature,FALSE,,TRUE,TRUE,,,
Mutton Fresh,non_veg,kg,packet,1000,210,0.21,,,0,0,,0,,room_temperature,FALSE,,TRUE,TRUE,,,
Prawns Fish,non_veg,kg,packet,1000,1210,1.21,,,0,0,,0,,room_temperature,FALSE,,TRUE,TRUE,,,
Tuna Fish - In Brine,non_veg,can,can,180,125,0.694444444,,GOLDEN CROWN,0,0,,0,,room_temperature,FALSE,,TRUE,TRUE,,,
Black Olive Oil,oils,liter,bottle,420,200,0.476190476,,FIGARO,0,0,,0,,room_temperature,FALSE,,TRUE,TRUE,,,
Green Olive Oil,oils,liter,bottle,420,200,0.476190476,,FIGARO,0,0,,0,,room_temperature,FALSE,,TRUE,TRUE,,,
Musstard Oil,oils,liter,bottle,1000,166,0.166,,ENGINE,2,2,,0,,room_temperature,FALSE,,TRUE,TRUE,,,
Olive Oil,oils,liter,bottle,1000,725,0.725,,BASSO,0,0,,0,,room_temperature,FALSE,,TRUE,TRUE,,,
Refined Oil,oils,can,can,15000,1900,0.126666667,,BEST CHOICE,2,7,,0,,room_temperature,FALSE,,TRUE,TRUE,,,
Salad Oil,oils,liter,bottle,50,122.7,2.454,,,0,0,,0,,room_temperature,FALSE,,TRUE,TRUE,,,
Jeera Papad,papad,kg,packet,500,43,0.086,,ZAKAS,11,3,,0,,room_temperature,FALSE,,TRUE,TRUE,,,
Khichiya Papad,papad,kg,packet,1000,100,0.1,,,0,0,,0,,room_temperature,FALSE,,TRUE,TRUE,,,
Lijjat Papad,papad,kg,packet,1000,340,0.34,,,8,0,,0,,room_temperature,FALSE,,TRUE,TRUE,,,
Madrasi Papad,papad,kg,packet,90,20,0.222222222,,SRI MEENAKSHI TRADERS,13,8,,0,,room_temperature,FALSE,,TRUE,TRUE,,,
Papad,papad,kg,packet,200,34,0.17,,VISHAL,0,2,,0,,room_temperature,FALSE,,TRUE,TRUE,,,
Silevada,papad,kg,packet,1000,48,0.048,,CHETAK,0,3,,0,,room_temperature,FALSE,,TRUE,TRUE,,,
"Akhrote
Akhrote",pulses,kg,packet,1000,1034,1.034,,,0,0,,0,,room_temperature,FALSE,,TRUE,TRUE,,,
Badam (Alomd),pulses,kg,packet,1000,780,0.78,,,0,0,,0,,room_temperature,FALSE,,TRUE,TRUE,,,
Black Channa,pulses,kg,packet,1000,60,0.06,,,0,7,,0,,room_temperature,FALSE,,TRUE,TRUE,,,
Curry Powder,pulses,jar,jar,500,495,0.99,,BOLTS,0,0,,0,,room_temperature,FALSE,,TRUE,TRUE,,,
Dal Black Masur,pulses,kg,packet,1000,70,0.07,,,17,4,,0,,room_temperature,FALSE,,TRUE,TRUE,,,
Dal Channa,pulses,kg,packet,1000,74,0.074,,,30,6,,0,,room_temperature,FALSE,,TRUE,TRUE,,,
Dal Green Moong Chilka,pulses,kg,packet,1000,89,0.089,,,11,3,,0,,room_temperature,FALSE,,TRUE,TRUE,,,
Dal Green Moong Sabut,pulses,kg,packet,1000,89,0.089,,,0,3,,0,,room_temperature,FALSE,,TRUE,TRUE,,,
Dal Kala Urd Chilka,pulses,kg,packet,1000,99,0.099,,,18,0,,0,,room_temperature,FALSE,,TRUE,TRUE,,,
Dal Kala Urd Sabut,pulses,kg,packet,1000,94,0.094,,,21,2,,0,,room_temperature,FALSE,,TRUE,TRUE,,,
Dal Lobia,pulses,kg,packet,1000,84,0.084,,,0,3,,0,,room_temperature,FALSE,,TRUE,TRUE,,,
Dal Moong Mogar,pulses,kg,packet,1000,96,0.096,,,22,14,,0,,room_temperature,FALSE,,TRUE,TRUE,,,
Dal Rajma,pulses,kg,packet,1000,118,0.118,,,0,5,,0,,room_temperature,FALSE,,TRUE,TRUE,,,
Dal Red Masur,pulses,kg,packet,1000,72,0.072,,,0,3,,0,,room_temperature,FALSE,,TRUE,TRUE,,,
Dal Roasted Channa,pulses,kg,packet,1000,89,0.089,,,1.5,1,,0,,room_temperature,FALSE,,TRUE,TRUE,,,
Dal Taur,pulses,kg,packet,1000,105,0.105,,,30,10,,0,,room_temperature,FALSE,,TRUE,TRUE,,,
Dal White Mutter,pulses,kg,packet,1000,43,0.043,,,30,3,,0,,room_temperature,FALSE,,TRUE,TRUE,,,
Dal White Urd,pulses,kg,packet,1000,102,0.102,,,23,7,,0,,room_temperature,FALSE,,TRUE,TRUE,,,
Eno 185Mrp,pulses,liter,bottle,100,170,1.7,,,0,0,,0,,room_temperature,FALSE,,TRUE,TRUE,,,
Kabuli Channa,pulses,kg,packet,1000,102,0.102,,,30,8,,0,,room_temperature,FALSE,,TRUE,TRUE,,,
Kismis (Raisins),pulses,kg,packet,1000,300,0.3,,,0,0.5,,0,,room_temperature,FALSE,,TRUE,TRUE,,,
Match Box,pulses,piece,individual,1,1,1,,,0,0,,0,,room_temperature,FALSE,,TRUE,TRUE,,,
Nutrella Spread,pulses,liter,bottle,750,632.43,0.84324,,,0,0,,0,,room_temperature,FALSE,,TRUE,TRUE,,,
Oats,pulses,jar,jar,215,80,0.372093023,,SHANTIS,0,0,,0,,room_temperature,FALSE,,TRUE,TRUE,,,
Pista,pulses,kg,packet,1000,790,0.79,,,0,0,,0,,room_temperature,FALSE,,TRUE,TRUE,,,
Pista Cutting,pulses,packet,packet,1000,780,0.78,,,0,0,,0,,room_temperature,FALSE,,TRUE,TRUE,,,
Briyani Rice,rice,kg,packet,1000,68.5,0.0685,,INDIA GATE,13,0,,0,,room_temperature,FALSE,,TRUE,TRUE,,,
Briyani Rice 48 No.,rice,kg,packet,1000,64.5,0.0645,,AMEENA,0,9,,0,,room_temperature,FALSE,,TRUE,TRUE,,,
Briyani Rice 52 No.,rice,kg,packet,1000,67.74,0.06774,,,0,0,,0,,room_temperature,FALSE,,TRUE,TRUE,,,
Dawat Rice,rice,kg,packet,1000,99.75,0.09975,,JASAL A ONE,0,0,,0,,room_temperature,FALSE,,TRUE,TRUE,,,
Dosa Kani,rice,kg,packet,1000,35,0.035,,JEEBA,0,0,,0,,room_temperature,FALSE,,TRUE,TRUE,,,
Guest Rice,rice,kg,packet,1000,43,0.043,,JEEBA,120,98,,0,,room_temperature,FALSE,,TRUE,TRUE,,,
Regular Choice Rice,rice,kg,packet,1000,74.2,0.0742,,INDIA GATE,0,0,,0,,room_temperature,FALSE,,TRUE,TRUE,,,
Staff Rice,rice,kg,packet,1000,36,0.036,,,0,0,,0,,room_temperature,FALSE,,TRUE,TRUE,,,
Care Kit,room_supply,packet,packet,1,4.42,4.42,,,0,0,,0,,room_temperature,FALSE,,TRUE,TRUE,,,
Chilli Flakes Sachet 225Mrp,room_supply,packet,packet,1,120,120,,,0,0,,0,,room_temperature,FALSE,,TRUE,TRUE,,,
Chocolate Box,room_supply,packet,packet,1,98,98,,,0,0,,0,,room_temperature,FALSE,,TRUE,TRUE,,,
Coffee Pouch 144,room_supply,packet,packet,1,267.84,267.84,,NESCAFE,0,0,,0,,room_temperature,FALSE,,TRUE,TRUE,,,
Disposal Bag,room_supply,packet,packet,1,7,7,,,0,0,,0,,room_temperature,FALSE,,TRUE,TRUE,,,
Dolly Paper,room_supply,packet,packet,1,16,16,,,0,0,,0,,room_temperature,FALSE,,TRUE,TRUE,,,
Glass Coaster,room_supply,packet,packet,1,1.77,1.77,,,0,0,,0,,room_temperature,FALSE,,TRUE,TRUE,,,
Glass Cover,room_supply,packet,packet,1,6,6,,,0,0,,0,,room_temperature,FALSE,,TRUE,TRUE,,,
Green Bags Pouch 25,room_supply,packet,packet,1,161.5,161.5,,TETLEY,0,0,,0,,room_temperature,FALSE,,TRUE,TRUE,,,
Lotion,room_supply,packet,packet,1,8.85,8.85,,,0,0,,0,,room_temperature,FALSE,,TRUE,TRUE,,,
Milk Powder Pouch 120,room_supply,packet,packet,1,364,364,,AMUL,0,0,,0,,room_temperature,FALSE,,TRUE,TRUE,,,
Milk Powder Pouch 150,room_supply,packet,packet,1,375,375,,EVERY DAY,0,0,,0,,room_temperature,FALSE,,TRUE,TRUE,,,
Oregano Spice Mix Schet,room_supply,packet,packet,1,120,120,,,0,0,,0,,room_temperature,FALSE,,TRUE,TRUE,,,
Slipper,room_supply,packet,packet,1,34.45,34.45,,,0,0,,0,,room_temperature,FALSE,,TRUE,TRUE,,,
Sugar Pouch 200,room_supply,packet,packet,1,115.5,115.5,,JYOT,0,0,,0,,room_temperature,FALSE,,TRUE,TRUE,,,
Tea Bags Pouch 100,room_supply,packet,packet,1,1.6,1.6,,TETLEY,0,0,,0,,room_temperature,FALSE,,TRUE,TRUE,,,
Tea Bags Pouch 200,room_supply,packet,packet,1,305,305,,TETLEY,0,0,,0,,room_temperature,FALSE,,TRUE,TRUE,,,
8 To 8 Sauce,sauce_jam_pickle,liter,bottle,200,80,0.4,,GOLDEN CROWN,0,0,,0,,room_temperature,FALSE,,TRUE,TRUE,,,
Barbecue Sauce,sauce_jam_pickle,liter,bottle,510,243,0.476470588,,GOLDEN CROWN,0,0,,0,,room_temperature,FALSE,,TRUE,TRUE,,,
Barbecus Sauce,sauce_jam_pickle,liter,bottle,510,229.41,0.449823529,,,0,0,,0,,room_temperature,FALSE,,TRUE,TRUE,,,
Green Chilli Pickle,sauce_jam_pickle,liter,bottle,500,130,0.26,,KHTARIJI,0,0,,0,,room_temperature,FALSE,,TRUE,TRUE,,,
Green Chilli Sauce,sauce_jam_pickle,liter,bottle,4500,235,0.052222222,,EVERPLUS,2,0.6,,0,,room_temperature,FALSE,,TRUE,TRUE,,,
H P Sauce,sauce_jam_pickle,liter,bottle,200,205,1.025,,,0,0,,0,,room_temperature,FALSE,,TRUE,TRUE,,,
Mayonise Cream,sauce_jam_pickle,packet,packet,1000,100,0.1,,DR OETKER,0,0,,0,,room_temperature,FALSE,,TRUE,TRUE,,,
Mix Fruit Jam,sauce_jam_pickle,liter,bottle,1000,105,0.105,,,0,0,,0,,room_temperature,FALSE,,TRUE,TRUE,,,
Mix Jam,sauce_jam_pickle,liter,bottle,4500,350,0.077777778,,EVERPLUS,3,1,,0,,room_temperature,FALSE,,TRUE,TRUE,,,
Mix Pickle,sauce_jam_pickle,liter,bottle,950,114,0.12,,EVEREST,0,2,,0,,room_temperature,FALSE,,TRUE,TRUE,,,
Mixed Vegetable Pickle,sauce_jam_pickle,liter,bottle,300,93.49,0.311633333,,PRIYA,0,0,,0,,room_temperature,FALSE,,TRUE,TRUE,,,
Mustard Sauce,sauce_jam_pickle,liter,bottle,1000,125,0.125,,GOLDEN CROWN,3,0,,0,,room_temperature,FALSE,,TRUE,TRUE,,,
Nachose Chips,sauce_jam_pickle,packet,packet,200,79.79,0.39895,,,0,0,,0,,room_temperature,FALSE,,TRUE,TRUE,,,
Nimboo Sat,sauce_jam_pickle,packet,packet,1000,216.52,0.21652,,,0,0,,0,,room_temperature,FALSE,,TRUE,TRUE,,,
Oyester Sauce,sauce_jam_pickle,liter,bottle,750,222,0.296,,,0,0,,0,,room_temperature,FALSE,,TRUE,TRUE,,,
Oyster Sauce,sauce_jam_pickle,liter,bottle,510,225,0.441176471,,LEE KUM KEE,0,0,,0,,room_temperature,FALSE,,TRUE,TRUE,,,
Peri Peri Mayo Viba,sauce_jam_pickle,packet,packet,1000,185,0.185,,,0,0,,0,,room_temperature,FALSE,,TRUE,TRUE,,,
Pickle Mixed Vegetable,sauce_jam_pickle,liter,bottle,300,110,0.366666667,,PRIYA,0,0,,0,,room_temperature,FALSE,,TRUE,TRUE,,,
Piza Pista Sauce,sauce_jam_pickle,liter,bottle,1000,155,0.155,,,0,0,,0,,room_temperature,FALSE,,TRUE,TRUE,,,
Red Chilli Sauce,sauce_jam_pickle,liter,bottle,4500,235,0.052222222,,EVERPLUS,1,0.6,,0,,room_temperature,FALSE,,TRUE,TRUE,,,
Soya Sauce,sauce_jam_pickle,liter,bottle,5000,235,0.047,,EVERPLUS,1,0.5,,0,,room_temperature,FALSE,,TRUE,TRUE,,,
Tandoori Mayonise Cream,sauce_jam_pickle,packet,packet,1000,190,0.19,,,0,0,,0,,room_temperature,FALSE,,TRUE,TRUE,,,
Tomato Ketchup,sauce_jam_pickle,packet,packet,5000,230,0.046,,,0,0,,0,,room_temperature,FALSE,,TRUE,TRUE,,,
Tomato Ketchup Poucs,sauce_jam_pickle,packet,packet,100,65,0.65,,,0,0,,0,,room_temperature,FALSE,,TRUE,TRUE,,,
Tomyom Sauce,sauce_jam_pickle,liter,bottle,1000,470,0.47,,,0,2,,0,,room_temperature,FALSE,,TRUE,TRUE,,,
Veg Worcester Shire Sauce,sauce_jam_pickle,liter,bottle,200,48.75,0.24375,,,0,0,,0,,room_temperature,FALSE,,TRUE,TRUE,,,
Worsterd Sauce,sauce_jam_pickle,liter,bottle,750,51.41,0.068546667,,,0,0,,0,,room_temperature,FALSE,,TRUE,TRUE,,,
Amchur,spices,kg,packet,1000,150,0.15,,,0,0,,0,,room_temperature,FALSE,,TRUE,TRUE,,,
Aromat Seasoning Powder,spices,packet,packet,500,215,0.43,,KNORR,0,0,,0,,room_temperature,FALSE,,TRUE,TRUE,,,
Bileching Powder,spices,packet,packet,1000,32.06,0.03206,,,0,2,,0,,room_temperature,FALSE,,TRUE,TRUE,,,
Black Pepper,spices,kg,packet,1000,360,0.36,,,0.3,0,,0,,room_temperature,FALSE,,TRUE,TRUE,,,
Black Salt,spices,kg,packet,1000,30,0.03,,,2,1,,0,,room_temperature,FALSE,,TRUE,TRUE,,,
Briyani Masala,spices,packet,packet,50,61,1.22,,CATCH,2,1,,0,,room_temperature,FALSE,,TRUE,TRUE,,,
Chat Masala,spices,packet,packet,100,60.3,0.603,,TATA,3,3,,0,,room_temperature,FALSE,,TRUE,TRUE,,,
Chicken Masala,spices,packet,packet,100,65,0.65,,TATA,13,5,,0,,room_temperature,FALSE,,TRUE,TRUE,,,
Chole Masala,spices,packet,packet,100,62.31,0.6231,,TATA,f,2,,0,,room_temperature,FALSE,,TRUE,TRUE,,,
Dal Chini,spices,kg,packet,1000,260,0.26,,,0,0,,0,,room_temperature,FALSE,,TRUE,TRUE,,,
Dhania Powder,spices,kg,packet,1000,134,0.134,,,13,4,,0,,room_temperature,FALSE,,TRUE,TRUE,,,
Dhania Sabut,spices,kg,packet,1000,93,0.093,,,0.5,0.5,,0,,room_temperature,FALSE,,TRUE,TRUE,,,
Elachi Big,spices,kg,packet,1000,1950,1.95,,,0,0,,0,,room_temperature,FALSE,,TRUE,TRUE,,,
Elachi Hari,spices,kg,packet,1000,3200,3.2,,,0,0.1,,0,,room_temperature,FALSE,,TRUE,TRUE,,,
Haldi Powder,spices,kg,packet,1000,208,0.208,,,14,4,,0,,room_temperature,FALSE,,TRUE,TRUE,,,
Hing,spices,liter,bottle,100,188,1.88,,CATCH,18,3,,0,,room_temperature,FALSE,,TRUE,TRUE,,,
Javetri,spices,kg,packet,1000,1872,1.872,,,0,0,,0,,room_temperature,FALSE,,TRUE,TRUE,,,
Jeera,spices,kg,packet,1000,241,0.241,,,2,3,,0,,room_temperature,FALSE,,TRUE,TRUE,,,
Kalonji,spices,kg,packet,1000,266.77,0.26677,,,0,0,,0,,room_temperature,FALSE,,TRUE,TRUE,,,
Kashmiri Lal Red Chilli Powder,spices,kg,packet,1000,640,0.64,,CATCH,4,3,,0,,room_temperature,FALSE,,TRUE,TRUE,,,
Kasturi Methi,spices,packet,packet,100,44,0.44,,PUNEET MASALA,2,4,,0,,room_temperature,FALSE,,TRUE,TRUE,,,
Khada Masala,spices,kg,packet,1000,1256,1.256,,,1,0.5,,0,,room_temperature,FALSE,,TRUE,TRUE,,,
Kitchen King,spices,packet,packet,100,63.65,0.6365,,TATA,17,14,,0,,room_temperature,FALSE,,TRUE,TRUE,,,
Long,spices,kg,packet,1000,780,0.78,,,0,0,,0,,room_temperature,FALSE,,TRUE,TRUE,,,
Meat Masala,spices,packet,packet,100,65,0.65,,TATA,4,2,,0,,room_temperature,FALSE,,TRUE,TRUE,,,
Methi Sabut,spices,kg,packet,1000,94,0.094,,,0,0.2,,0,,room_temperature,FALSE,,TRUE,TRUE,,,
Pani Puri Masala,spices,kg,packet,100,67,0.67,,AMAZING,0,0,,0,,room_temperature,FALSE,,TRUE,TRUE,,,
Pav Bhaji Masala,spices,packet,packet,100,75,0.75,,CATCH,0,0,,0,,room_temperature,FALSE,,TRUE,TRUE,,,
Peri Peri Masala,spices,packet,packet,100,150,1.5,,,0,0,,0,,room_temperature,FALSE,,TRUE,TRUE,,,
Rai,spices,kg,packet,1000,75.6,0.0756,,,1,0.5,,0,,room_temperature,FALSE,,TRUE,TRUE,,,
Rajma Masala,spices,packet,packet,100,64,0.64,,CATCH,0,1,,0,,room_temperature,FALSE,,TRUE,TRUE,,,
Rasam Masala,spices,packet,packet,100,57,0.57,,FLAVARICH,0,0,,0,,room_temperature,FALSE,,TRUE,TRUE,,,
Red Chilli Powder,spices,kg,packet,1000,194,0.194,,,23,4,,0,,room_temperature,FALSE,,TRUE,TRUE,,,
Red Chilli Sabut,spices,kg,packet,1000,169,0.169,,,0,0.5,,0,,room_temperature,FALSE,,TRUE,TRUE,,,
Salt,spices,packet,packet,1,6.64,6.64,,TAPARIA,0,0,,0,,room_temperature,FALSE,,TRUE,TRUE,,,
Salt Black Pouch 250,spices,packet,packet,250,160,0.64,,,0,0,,0,,room_temperature,FALSE,,TRUE,TRUE,,,
Salt Sandha,spices,packet,packet,1,34,34,,,0,0,,0,,room_temperature,FALSE,,TRUE,TRUE,,,
Salt White Pouch  250,spices,packet,packet,250,50,0.2,,,0,0,,0,,room_temperature,FALSE,,TRUE,TRUE,,,
Sambhar Masala,spices,packet,packet,100,88,0.88,,CATCH,0,3,,0,,room_temperature,FALSE,,TRUE,TRUE,,,
Star Phool,spices,kg,packet,1000,380,0.38,,,0,0,,0,,room_temperature,FALSE,,TRUE,TRUE,,,
Tea Masala,spices,packet,packet,50,49,0.98,,CATCH,0,0,,0,,room_temperature,FALSE,,TRUE,TRUE,,,
Tez Pata,spices,kg,packet,1000,100,0.1,,,0,0,,0,,room_temperature,FALSE,,TRUE,TRUE,,,
White Pepper Masala,spices,kg,packet,1000,1500,1.5,,CATCH,0,0,,0,,room_temperature,FALSE,,TRUE,TRUE,,,
All Pin,stationery,packet,packet,500,40,0.08,,,0,0,,0,,room_temperature,FALSE,,TRUE,TRUE,,,
Book Print Meal Coupon,stationery,piece,individual,1,134.5,134.5,,,0,0,,0,,room_temperature,FALSE,,TRUE,TRUE,,,
Bread Tape,stationery,piece,individual,1,22.16,22.16,,,0,0,,0,,room_temperature,FALSE,,TRUE,TRUE,,,
Carbon Paper,stationery,piece,individual,1,1,1,,,0,0,,0,,room_temperature,FALSE,,TRUE,TRUE,,,
Cello Tap,stationery,liter,roll,1,61,61,,,0,0,,0,,room_temperature,FALSE,,TRUE,TRUE,,,
Cello Tap Midiam,stationery,liter,roll,1,40,40,,,0,0,,0,,room_temperature,FALSE,,TRUE,TRUE,,,
Challan Book Big,stationery,piece,individual,1,111.94,111.94,,,0,1,,0,,room_temperature,FALSE,,TRUE,TRUE,,,
Challan Book Small,stationery,piece,individual,1,39.53,39.53,,,0,0,,0,,room_temperature,FALSE,,TRUE,TRUE,,,
Clip Band,stationery,piece,individual,1,3,3,,,0,0,,0,,room_temperature,FALSE,,TRUE,TRUE,,,
Dori File,stationery,piece,individual,1,10,10,,,0,0,,0,,room_temperature,FALSE,,TRUE,TRUE,,,
Driver Long Book,stationery,piece,individual,1,55,55,,,0,0,,0,,room_temperature,FALSE,,TRUE,TRUE,,,
Duplicate Book,stationery,piece,individual,1,20.91,20.91,,,0,0,,0,,room_temperature,FALSE,,TRUE,TRUE,,,
Fevistick,stationery,piece,individual,1,24.09,24.09,,,0,0,,0,,room_temperature,FALSE,,TRUE,TRUE,,,
File Box Big,stationery,piece,individual,1,85,85,,,0,0,,0,,room_temperature,FALSE,,TRUE,TRUE,,,
File Mini,stationery,piece,individual,1,60,60,,,0,0,,0,,room_temperature,FALSE,,TRUE,TRUE,,,
File Voucher,stationery,piece,individual,1,12,12,,,0,0,,0,,room_temperature,FALSE,,TRUE,TRUE,,,
Gate Pass Book,stationery,piece,individual,1,121,121,,,2,0,,0,,room_temperature,FALSE,,TRUE,TRUE,,,
Guest Key Pocket,stationery,piece,individual,1,2.9,2.9,,,0,0,,0,,room_temperature,FALSE,,TRUE,TRUE,,,
Highlighter,stationery,piece,individual,1,24.55,24.55,,,0,0,,0,,room_temperature,FALSE,,TRUE,TRUE,,,
L Folder,stationery,piece,individual,1,8,8,,,0,0,,0,,room_temperature,FALSE,,TRUE,TRUE,,,
Latter Paid Hki,stationery,piece,individual,1,1.87,1.87,,,0,0,,0,,room_temperature,FALSE,,TRUE,TRUE,,,
Lifafa All,stationery,piece,individual,1,1.99,1.99,,,0,0,,0,,room_temperature,FALSE,,TRUE,TRUE,,,
Machine Stepler,stationery,piece,individual,1,30,30,,,0,0,,0,,room_temperature,FALSE,,TRUE,TRUE,,,
Marker Big Parmanet,stationery,piece,individual,1,13.21,13.21,,,1,0,,0,,room_temperature,FALSE,,TRUE,TRUE,,,
Marker Small Parmanet,stationery,piece,individual,1,8.23,8.23,,,1,0,,0,,room_temperature,FALSE,,TRUE,TRUE,,,
Marker White Bord Marker,stationery,piece,individual,1,17.66,17.66,,,0,0,,0,,room_temperature,FALSE,,TRUE,TRUE,,,
Paper Rin A4,stationery,packet,packet,1,231.6,231.6,,,0,0,,0,,room_temperature,FALSE,,TRUE,TRUE,,,
Pen,stationery,piece,individual,1,2.76,2.76,,,0,0,,0,,room_temperature,FALSE,,TRUE,TRUE,,,
Pen Unibull,stationery,piece,individual,1,80,80,,,0,0,,0,,room_temperature,FALSE,,TRUE,TRUE,,,
Pencel,stationery,piece,individual,1,4.43,4.43,,,0,0,,0,,room_temperature,FALSE,,TRUE,TRUE,,,
Purchase Book,stationery,piece,individual,1,70,70,,,0,0,,0,,room_temperature,FALSE,,TRUE,TRUE,,,
Ragister,stationery,piece,individual,1,102.06,102.06,,,0,0,,0,,room_temperature,FALSE,,TRUE,TRUE,,,
Ragister Attendence,stationery,piece,individual,1,102.26,102.26,,,0,0,,0,,room_temperature,FALSE,,TRUE,TRUE,,,
Ragister Daily Stock,stationery,piece,individual,1,368.97,368.97,,,0,0,,0,,room_temperature,FALSE,,TRUE,TRUE,,,
Ragister Duty Allotment,stationery,piece,individual,1,220,220,,,0,0,,0,,room_temperature,FALSE,,TRUE,TRUE,,,
Ragister Entery,stationery,piece,individual,1,588,588,,,0,0,,0,,room_temperature,FALSE,,TRUE,TRUE,,,
Ragister Floor Sectiction,stationery,piece,individual,1,119,119,,,0,0,,0,,room_temperature,FALSE,,TRUE,TRUE,,,
Ragister Grooming,stationery,piece,individual,1,220,220,,,0,0,,0,,room_temperature,FALSE,,TRUE,TRUE,,,
Ragister Hand Over,stationery,piece,individual,1,178.18,178.18,,,0,0,,0,,room_temperature,FALSE,,TRUE,TRUE,,,
Ragister Massage,stationery,piece,individual,1,358.33,358.33,,,0,0,,0,,room_temperature,FALSE,,TRUE,TRUE,,,
Ragister Op,stationery,piece,individual,1,260,260,,,0,0,,0,,room_temperature,FALSE,,TRUE,TRUE,,,
Ragister Room S,stationery,piece,individual,1,130,130,,,0,0,,0,,room_temperature,FALSE,,TRUE,TRUE,,,
Ragister Sabji Oder,stationery,piece,individual,1,190,190,,,0,0,,0,,room_temperature,FALSE,,TRUE,TRUE,,,
Room Service Order Control She,stationery,packet,packet,1,170,170,,,0,0,,0,,room_temperature,FALSE,,TRUE,TRUE,,,
Staf Gate Pass Book,stationery,piece,individual,1,95.83,95.83,,,0,0,,0,,room_temperature,FALSE,,TRUE,TRUE,,,
Stam Paid,stationery,piece,individual,1,30,30,,,0,0,,0,,room_temperature,FALSE,,TRUE,TRUE,,,
Steaker,stationery,packet,packet,1,25,25,,,0,0,,0,,room_temperature,FALSE,,TRUE,TRUE,,,
Stepler Pin Big,stationery,piece,individual,1,15.96,15.96,,,0,0,,0,,room_temperature,FALSE,,TRUE,TRUE,,,
Stepler Pin Small,stationery,piece,individual,1,9.93,9.93,,,0,0,,0,,room_temperature,FALSE,,TRUE,TRUE,,,
"Store Book
Store Book",stationery,piece,individual,1,199,199,,,1,0,,0,,room_temperature,FALSE,,TRUE,TRUE,,,
Vegetable Book,stationery,piece,individual,1,175,175,,,1,0,,0,,room_temperature,FALSE,,TRUE,TRUE,,,
Visitor Gate Pass Book,stationery,piece,individual,1,99.17,99.17,,,0,0,,0,,room_temperature,FALSE,,TRUE,TRUE,,,
Voucher Cash Jama,stationery,piece,individual,1,48.53,48.53,,,0,0,,0,,room_temperature,FALSE,,TRUE,TRUE,,,
Voucher Cash Payment,stationery,piece,individual,1,48.39,48.39,,,0,0,,0,,room_temperature,FALSE,,TRUE,TRUE,,,
Voucher Salary,stationery,piece,individual,1,63.64,63.64,,,0,0,,0,,room_temperature,FALSE,,TRUE,TRUE,,,
Whitener,stationery,piece,individual,1,17.83,17.83,,,0,0,,0,,room_temperature,FALSE,,TRUE,TRUE,,,
Sugar Candy,sugar,kg,packet,1000,54,0.054,,,2,1,,0,,room_temperature,FALSE,,TRUE,TRUE,,,
Sugar Cube,sugar,kg,packet,500,48,0.096,,DAURALA,0,0,,0,,room_temperature,FALSE,,TRUE,TRUE,,,
Sugar Free,sugar,packet,packet,75,100,1.333333333,,,0,0,,0,,room_temperature,FALSE,,TRUE,TRUE,,,
Sugar Loose,sugar,kg,packet,1000,43.5,0.0435,,,50,84,,0,,room_temperature,FALSE,,TRUE,TRUE,,,
Caramel Syrup,syrup,liter,individual,1000,770,0.77,,MTSR,0,0,,0,,room_temperature,FALSE,,TRUE,TRUE,,,
Chocolate Syrup,syrup,liter,individual,700,760,1.085714286,,MTSR,0,0,,0,,room_temperature,FALSE,,TRUE,TRUE,,,
Cinnamon Syrup,syrup,liter,individual,1000,860,0.86,,MTSR,0,0,,0,,room_temperature,FALSE,,TRUE,TRUE,,,
Elderflower Syrup,syrup,liter,individual,1000,860,0.86,,MTSR,0,0,,0,,room_temperature,FALSE,,TRUE,TRUE,,,
Hazeinut Syrup,syrup,liter,individual,1000,860,0.86,,MTSR,0,0,,0,,room_temperature,FALSE,,TRUE,TRUE,,,
Lemon Ice Tea,syrup,liter,individual,1000,860,0.86,,MTSR,0,0,,0,,room_temperature,FALSE,,TRUE,TRUE,,,
Lrish Cream Syrup,syrup,liter,individual,1000,700,0.7,,MTSR,0,0,,0,,room_temperature,FALSE,,TRUE,TRUE,,,
Peach Syrup,syrup,liter,individual,1000,860,0.86,,MTSR,0,0,,0,,room_temperature,FALSE,,TRUE,TRUE,,,
Vanilla Syrup,syrup,liter,individual,1000,860,0.86,,MTSR,0,0,,0,,room_temperature,FALSE,,TRUE,TRUE,,,
Baby Corn,tin,can,can,400,47.11,0.117775,,FRUTINS,0,0,,0,,room_temperature,FALSE,,TRUE,TRUE,,,
Bamboo Shoot,tin,can,can,800,77,0.09625,,FRUTINS,0,0,,0,,room_temperature,FALSE,,TRUE,TRUE,,,
Chipo.Papeer In Adoba Sauce2.8,tin,can,can,2800,2156,0.77,,,0,0,,0,,room_temperature,FALSE,,TRUE,TRUE,,,
Coconut Milk,tin,can,can,400,155,0.3875,,FRUTINS,0,0,,0,,room_temperature,FALSE,,TRUE,TRUE,,,
Fruit Cocktail,tin,can,can,840,85.87,0.10222619,,FRUTINS,7,3,,0,,room_temperature,FALSE,,TRUE,TRUE,,,
Mushroom Button,tin,can,can,800,86.45,0.1080625,,FRUTINS,18,13,,0,,room_temperature,FALSE,,TRUE,TRUE,,,
Mushroom Slice,tin,can,can,800,58.3,0.072875,,FRUTINS,0,7,,0,,room_temperature,FALSE,,TRUE,TRUE,,,
Pineapple Slice,tin,can,can,840,85.87,0.10222619,,FRUTINS,0,0,,0,,room_temperature,FALSE,,TRUE,TRUE,,,
Red Cheeries,tin,can,can,830,107.8,0.129879518,,FRUTINS,0,0,,0,,room_temperature,FALSE,,TRUE,TRUE,,,
Red Cherries Syrup,tin,can,can,830,91.65,0.110421687,,,0,0,,0,,room_temperature,FALSE,,TRUE,TRUE,,,
Sweet Corn Cream Style,tin,can,can,440,29.33,0.066659091,,FRUTINS,0,0,,0,,room_temperature,FALSE,,TRUE,TRUE,,,
Tomato Puree,tin,can,can,825,47.83,0.057975758,,FRUTINS,0,0,,0,,room_temperature,FALSE,,TRUE,TRUE,,,
Corn Others,vegetables,kg,packet,1000,60,0.06,,,0,2,,0,,room_temperature,FALSE,,TRUE,TRUE,,,
Gulab Jal,water,liter,bottle,250,45,0.18,,GOLDEN CROWN,1,0,,0,,room_temperature,FALSE,,TRUE,TRUE,,,
Kewra Water,water,liter,bottle,250,50,0.2,,DABUR,0,0,,0,,room_temperature,FALSE,,TRUE,TRUE,,,
Vinegar,water,liter,bottle,680,35,0.051470588,,GOLDEN CROWN,2,1,,0,,room_temperature,FALSE,,TRUE,TRUE,,,
Water Jar,water_jar,jar,jar,20000,25,0.00125,,,0,0,,0,,room_temperature,FALSE,,TRUE,TRUE,,,
